"","track_name","danceability","energy","loudness","speechiness","acousticness","instrumentalness","liveness","valence","tempo","time_signature","duration_ms","explicit","key_name","mode_name","key_mode","album_name","album_release_date","track_id","album_id"
"1","Tim McGraw",0.58,0.491,-6.462,0.0251,0.575,0,0.121,0.425,76.009,4,232106,FALSE,"C","major","C major","Taylor Swift",2006-10-24,"2Fn01AIMyHbha2ceNQeOqw","5eyZZoQEFQWRHkV2xgAeBw"
"2","Picture To Burn",0.658,0.877,-2.098,0.0323,0.173,0,0.0962,0.821,105.586,4,173066,FALSE,"G","major","G major","Taylor Swift",2006-10-24,"4BYejINgfZF0qKDMEH2cim","5eyZZoQEFQWRHkV2xgAeBw"
"3","Teardrops On My Guitar",0.621,0.417,-6.941,0.0231,0.288,0,0.119,0.289,99.953,4,203040,FALSE,"A#","major","A# major","Taylor Swift",2006-10-24,"2TF4UtYreqNbQ6Z9AccldU","5eyZZoQEFQWRHkV2xgAeBw"
"4","A Place in this World",0.576,0.777,-2.881,0.0324,0.051,0,0.32,0.428,115.028,4,199200,FALSE,"A","major","A major","Taylor Swift",2006-10-24,"1oR4MUBpyNrAViC8wPNpfm","5eyZZoQEFQWRHkV2xgAeBw"
"5","Cold As You",0.418,0.482,-5.769,0.0266,0.217,0,0.123,0.261,175.558,4,239013,FALSE,"F","major","F major","Taylor Swift",2006-10-24,"569sXXQ7t0jSdqHooi2yqs","5eyZZoQEFQWRHkV2xgAeBw"
"6","The Outside",0.589,0.805,-4.055,0.0293,0.00491,0,0.24,0.591,112.982,4,207106,FALSE,"F","major","F major","Taylor Swift",2006-10-24,"5Tj2MqcFMf60CaGsKbM1aq","5eyZZoQEFQWRHkV2xgAeBw"
"7","Tied Together with a Smile",0.479,0.578,-4.963,0.0294,0.525,0,0.0841,0.192,146.165,4,248106,FALSE,"D","major","D major","Taylor Swift",2006-10-24,"2zzxwmoOBnXDT0KnJsoIWk","5eyZZoQEFQWRHkV2xgAeBw"
"8","Stay Beautiful",0.594,0.629,-4.919,0.0246,0.0868,0,0.137,0.504,131.597,4,236053,FALSE,"G#","major","G# major","Taylor Swift",2006-10-24,"41sjzdjScVwnxnxADElts6","5eyZZoQEFQWRHkV2xgAeBw"
"9","Should've Said No",0.476,0.777,-3.771,0.0289,0.0103,0,0.196,0.472,167.964,4,242200,FALSE,"E","minor","E minor","Taylor Swift",2006-10-24,"6CdaXOq1MWe2JHDalTG01d","5eyZZoQEFQWRHkV2xgAeBw"
"10","Mary's Song (Oh My My My)",0.403,0.627,-5.28,0.0292,0.0177,0,0.182,0.374,74.9,4,213080,FALSE,"D","major","D major","Taylor Swift",2006-10-24,"2O8sogKJCfVZ4rotBv1vVF","5eyZZoQEFQWRHkV2xgAeBw"
"11","Our Song",0.668,0.672,-4.931,0.0303,0.111,0,0.329,0.539,89.011,4,201106,FALSE,"D","major","D major","Taylor Swift",2006-10-24,"1j6gmK6u4WNI33lMZ8dC1s","5eyZZoQEFQWRHkV2xgAeBw"
"12","I'm Only Me When I'm With You",0.563,0.934,-3.629,0.0646,0.00452,0.000807,0.103,0.518,143.964,4,213053,FALSE,"G#","major","G# major","Taylor Swift",2006-10-24,"7CzxXgQXurKZCyHz9ufbo1","5eyZZoQEFQWRHkV2xgAeBw"
"13","Invisible",0.612,0.394,-5.723,0.0243,0.637,0,0.147,0.233,96.001,4,203226,FALSE,"G","major","G major","Taylor Swift",2006-10-24,"1k3PzDNjg38cWqOvL4M9vq","5eyZZoQEFQWRHkV2xgAeBw"
"14","A Perfectly Good Heart",0.483,0.751,-5.726,0.0365,0.00349,0,0.128,0.268,156.092,4,220146,FALSE,"E","major","E major","Taylor Swift",2006-10-24,"0YgHuReCSPwTXYny7isLja","5eyZZoQEFQWRHkV2xgAeBw"
"15","Jump Then Fall",0.618,0.687,-5.737,0.0271,0.111,0,0.0693,0.82,79.991,4,237066,FALSE,"D","major","D major","Fearless",2008-11-11,"08gavXombT6KR0af88i9tA","43OpbkiiIxJO8ktIB777Nn"
"16","Untouchable",0.419,0.454,-6.809,0.0335,0.0583,3.78e-06,0.0974,0.288,200.017,4,311040,FALSE,"F","major","F major","Fearless",2008-11-11,"2IZ00ed83ygPIiacYScWUE","43OpbkiiIxJO8ktIB777Nn"
"17","Come In With The Rain",0.527,0.475,-6.205,0.0258,0.0868,4.34e-06,0.248,0.224,143.962,4,238106,FALSE,"D","major","D major","Fearless",2008-11-11,"4pl5zcqCv4vc3cB7M4MZ6f","43OpbkiiIxJO8ktIB777Nn"
"18","SuperStar",0.61,0.531,-6.123,0.0239,0.367,0,0.351,0.228,85.979,4,261453,FALSE,"D","major","D major","Fearless",2008-11-11,"14Bljc3pOOG0xQX3wqhLN9","43OpbkiiIxJO8ktIB777Nn"
"19","The Other Side Of The Door",0.476,0.816,-4.279,0.0347,0.169,0,0.238,0.469,163.847,4,237600,FALSE,"E","major","E major","Fearless",2008-11-11,"0xvsgzM8AtBtRHZm5rav8A","43OpbkiiIxJO8ktIB777Nn"
"20","Fearless",0.598,0.714,-4.397,0.0273,0.0364,1.04e-06,0.31,0.467,99.979,4,242000,FALSE,"F","major","F major","Fearless",2008-11-11,"3F6czr26ZwGU5O5CHY04Ma","43OpbkiiIxJO8ktIB777Nn"
"21","Fifteen",0.559,0.636,-4.4,0.0263,0.0728,0,0.144,0.214,95.485,4,294346,FALSE,"G","major","G major","Fearless",2008-11-11,"3M0w3fhdXByHLCNAoi5c9G","43OpbkiiIxJO8ktIB777Nn"
"22","Love Story",0.618,0.736,-3.937,0.0308,0.157,0,0.073,0.307,118.982,4,235280,FALSE,"D","major","D major","Fearless",2008-11-11,"0kN3oXYWWAk1uC0y2WoyOE","43OpbkiiIxJO8ktIB777Nn"
"23","Hey Stephen",0.843,0.553,-7.348,0.0317,0.168,2.66e-06,0.107,0.825,115.997,4,254320,FALSE,"F#","major","F# major","Fearless",2008-11-11,"6wcFdMmiDscAhZJrcVFumx","43OpbkiiIxJO8ktIB777Nn"
"24","White Horse",0.585,0.346,-8.014,0.0256,0.302,0,0.102,0.195,92.564,4,234440,FALSE,"C","major","C major","Fearless",2008-11-11,"4jPtq9shRdUv8Zjr0a5xkD","43OpbkiiIxJO8ktIB777Nn"
"25","You Belong With Me",0.687,0.771,-4.424,0.0384,0.164,2.46e-05,0.112,0.445,129.964,4,231146,FALSE,"F#","major","F# major","Fearless",2008-11-11,"3as6Wz3mwbTnusWhZjTUNr","43OpbkiiIxJO8ktIB777Nn"
"26","Breathe",0.498,0.486,-7.384,0.0273,0.373,0,0.113,0.17,147.952,4,263986,FALSE,"C#","major","C# major","Fearless",2008-11-11,"6S9G7J3EB1ZY0rrZPwsBg5","43OpbkiiIxJO8ktIB777Nn"
"27","Tell Me Why",0.601,0.852,-3.096,0.0386,0.0606,3.41e-06,0.37,0.513,100.015,4,200560,FALSE,"G","major","G major","Fearless",2008-11-11,"4XrP7vKBjKLEYlRZdb0Ygr","43OpbkiiIxJO8ktIB777Nn"
"28","You're Not Sorry",0.459,0.459,-4.126,0.0275,0.13,2.3e-06,0.113,0.281,134.018,4,261800,FALSE,"F#","major","F# major","Fearless",2008-11-11,"6HWYtS215rxaaMjvpyG18W","43OpbkiiIxJO8ktIB777Nn"
"29","The Way I Loved You",0.436,0.712,-3.689,0.0329,0.0322,0,0.111,0.379,160.886,4,244240,FALSE,"F","major","F major","Fearless",2008-11-11,"77VotUUL79U10TAnYdqwvr","43OpbkiiIxJO8ktIB777Nn"
"30","Forever & Always",0.605,0.829,-4.993,0.0549,0.0907,0,0.106,0.514,128.012,4,225333,FALSE,"A#","major","A# major","Fearless",2008-11-11,"1zxrcAk6eiytfavqriMcKT","43OpbkiiIxJO8ktIB777Nn"
"31","The Best Day",0.664,0.447,-8.535,0.0292,0.611,1e-06,0.139,0.364,126.079,4,245346,FALSE,"C#","major","C# major","Fearless",2008-11-11,"5YbZZ2gYfvW1UvHHF4pVaD","43OpbkiiIxJO8ktIB777Nn"
"32","Change",0.548,0.756,-4.175,0.036,0.00471,0,0.117,0.224,96.038,4,281053,FALSE,"F","major","F major","Fearless",2008-11-11,"0RdcBnAXyH2YZZvcBVu2k6","43OpbkiiIxJO8ktIB777Nn"
"33","Mine",0.624,0.757,-2.94,0.0296,0.00265,1.87e-06,0.189,0.658,121.07,4,230706,FALSE,"G","major","G major","Speak Now",2010-10-25,"6LZaxlycSWrJZ4Volb25qx","5EpMjweRD573ASl7uNiHym"
"34","Sparks Fly",0.605,0.787,-3.002,0.0308,0.0396,1.42e-06,0.163,0.374,114.987,4,260933,FALSE,"F","major","F major","Speak Now",2010-10-25,"1q8E1FfFuhd12c5JcJwPxQ","5EpMjweRD573ASl7uNiHym"
"35","Back To December",0.529,0.67,-4.663,0.0303,0.117,0,0.334,0.286,141.893,4,293026,FALSE,"D","major","D major","Speak Now",2010-10-25,"7lxADouiWFkwR7ZV2GKUcH","5EpMjweRD573ASl7uNiHym"
"36","Speak Now",0.709,0.599,-3.734,0.0304,0.095,0,0.0973,0.735,118.975,4,240760,FALSE,"G","major","G major","Speak Now",2010-10-25,"1nYWTzy5zu3zEPNgB1sItW","5EpMjweRD573ASl7uNiHym"
"37","Dear John",0.589,0.47,-5.32,0.028,0.166,1.45e-06,0.112,0.102,119.386,3,403920,FALSE,"E","major","E major","Speak Now",2010-10-25,"1ubvV5ECkm6nSI6g1HmbBK","5EpMjweRD573ASl7uNiHym"
"38","Mean",0.568,0.761,-3.987,0.0459,0.452,0,0.217,0.789,163.974,4,237733,FALSE,"E","major","E major","Speak Now",2010-10-25,"4N60XfcTE1ysLZGbYgnYXq","5EpMjweRD573ASl7uNiHym"
"39","The Story Of Us",0.543,0.818,-3.611,0.0398,0.00478,0.000368,0.0357,0.683,139.898,4,265666,FALSE,"E","major","E major","Speak Now",2010-10-25,"19tHCfzUSoy5HkpxcmbA0A","5EpMjweRD573ASl7uNiHym"
"40","Never Grow Up",0.714,0.305,-8.837,0.0305,0.819,0,0.174,0.554,124.91,4,290466,FALSE,"D","major","D major","Speak Now",2010-10-25,"74WBGgUnpKrJXt6TETfR6Z","5EpMjweRD573ASl7uNiHym"
"41","Enchanted",0.455,0.623,-3.878,0.0288,0.0739,0.000424,0.146,0.208,163.893,4,352186,FALSE,"G#","major","G# major","Speak Now",2010-10-25,"14LtANuaslKWyYbktUrHBU","5EpMjweRD573ASl7uNiHym"
"42","Better Than Revenge",0.516,0.917,-3.186,0.0827,0.0139,6.37e-06,0.36,0.635,145.821,4,217160,FALSE,"B","minor","B minor","Speak Now",2010-10-25,"1By2VQkUN0Frd8mKNV5NYC","5EpMjweRD573ASl7uNiHym"
"43","Innocent",0.552,0.608,-5.29,0.0259,0.186,0,0.125,0.17,134.05,4,302253,FALSE,"C#","minor","C# minor","Speak Now",2010-10-25,"3kfgJql90tzgoxByioAMXR","5EpMjweRD573ASl7uNiHym"
"44","Haunted",0.436,0.95,-2.627,0.057,0.0826,1.08e-06,0.149,0.352,162.088,4,242080,FALSE,"F","major","F major","Speak Now",2010-10-25,"11UaQaEp2LvdspTyyuE3ur","5EpMjweRD573ASl7uNiHym"
"45","Last Kiss",0.371,0.341,-9.475,0.0319,0.57,3.09e-05,0.101,0.196,89.038,1,367133,FALSE,"A#","major","A# major","Speak Now",2010-10-25,"1D27z8xNzjW0Mwwt1NCWhJ","5EpMjweRD573ASl7uNiHym"
"46","Long Live",0.418,0.68,-4.3,0.0347,0.036,7.59e-05,0.114,0.142,204.12,4,317453,FALSE,"G","major","G major","Speak Now",2010-10-25,"7DjCRhhFo9PPzca1BjMLcf","5EpMjweRD573ASl7uNiHym"
"47","Ours",0.608,0.569,-7.227,0.0284,0.537,0,0.097,0.238,159.845,4,237920,FALSE,"C","major","C major","Speak Now",2010-10-25,"1EQn3Uc5AyUXoiPLeyCrrg","5EpMjweRD573ASl7uNiHym"
"48","If This Was A Movie",0.511,0.719,-3.457,0.0265,0.166,4.54e-06,0.34,0.289,147.852,4,234546,FALSE,"E","major","E major","Speak Now",2010-10-25,"0vvt4IZOMkRug195S4MUq0","5EpMjweRD573ASl7uNiHym"
"49","Superman",0.582,0.765,-3.648,0.0324,0.0268,1.95e-06,0.103,0.559,131.982,4,275960,FALSE,"G","major","G major","Speak Now",2010-10-25,"2R7C9dDqv1UPycvepBFziA","5EpMjweRD573ASl7uNiHym"
"50","State Of Grace",0.588,0.825,-5.882,0.0328,0.000197,0.00138,0.0885,0.397,129.968,4,295186,FALSE,"E","major","E major","Red",2012-10-22,"5zyCYmiaVE5y26EZuwZbsw","1KlU96Hw9nlvqpBPlSqcTV"
"51","Red",0.602,0.896,-4.267,0.0437,0.0773,8.87e-05,0.091,0.641,124.978,4,220826,FALSE,"C#","minor","C# minor","Red",2012-10-22,"1RvQQGwaPipiNgz8RXAKA8","1KlU96Hw9nlvqpBPlSqcTV"
"52","Treacherous",0.705,0.621,-8.086,0.0334,0.101,4.3e-06,0.147,0.395,109.993,4,240773,FALSE,"D","major","D major","Red",2012-10-22,"0XfOV7qY3834QpFVwOb6CC","1KlU96Hw9nlvqpBPlSqcTV"
"53","I Knew You Were Trouble.",0.622,0.469,-6.798,0.0363,0.00454,2.25e-06,0.0398,0.679,77.019,4,217973,FALSE,"D#","minor","D# minor","Red",2012-10-22,"0ciHz919LVKoH4zgxyMPZ9","1KlU96Hw9nlvqpBPlSqcTV"
"54","All Too Well",0.602,0.609,-7.803,0.0243,0.0382,2e-04,0.127,0.337,93.06,4,327893,FALSE,"C","major","C major","Red",2012-10-22,"1q3RiD1tIWUpGsNFADMlvl","1KlU96Hw9nlvqpBPlSqcTV"
"55","22",0.658,0.729,-6.561,0.0378,0.00215,0.0013,0.0752,0.668,104.007,4,230133,FALSE,"G","major","G major","Red",2012-10-22,"3bIxTsfeNMO7Nt2J3EUKrA","1KlU96Hw9nlvqpBPlSqcTV"
"56","I Almost Do",0.567,0.481,-7.357,0.027,0.0173,4.13e-05,0.182,0.233,145.865,4,242573,FALSE,"E","major","E major","Red",2012-10-22,"31pEV5lPJi7btskZoUr2yu","1KlU96Hw9nlvqpBPlSqcTV"
"57","We Are Never Ever Getting Back Together",0.628,0.676,-5.911,0.0916,0.00957,2.65e-05,0.102,0.75,85.984,4,191880,FALSE,"G","major","G major","Red",2012-10-22,"1OYARuagDrpgNNQ4loO1Cs","1KlU96Hw9nlvqpBPlSqcTV"
"58","Stay Stay Stay",0.729,0.748,-6.67,0.0245,0.307,1.29e-06,0.09,0.928,99.981,4,204826,FALSE,"C","major","C major","Red",2012-10-22,"1x0J8LFX23d5h1zzuzZorc","1KlU96Hw9nlvqpBPlSqcTV"
"59","The Last Time",0.505,0.443,-7.039,0.0276,0.035,3.15e-06,0.0921,0.123,94.069,4,298293,FALSE,"D","major","D major","Red",2012-10-22,"7vvIpJZye5cRR6De1LKM0m","1KlU96Hw9nlvqpBPlSqcTV"
"60","Holy Ground",0.627,0.816,-6.698,0.0774,0.0162,0.00208,0.0966,0.648,157.043,4,201853,FALSE,"E","major","E major","Red",2012-10-22,"5d2Kn9oAAh9S2EbyCo1i52","1KlU96Hw9nlvqpBPlSqcTV"
"61","Sad Beautiful Tragic",0.624,0.34,-12.411,0.029,0.632,0.0337,0.121,0.261,129.987,3,283680,FALSE,"G","major","G major","Red",2012-10-22,"5QKhg4r4Ibt0LVTmWEXTEg","1KlU96Hw9nlvqpBPlSqcTV"
"62","The Lucky One",0.706,0.499,-7.675,0.0369,0.0371,0,0.132,0.545,117.937,4,240133,FALSE,"E","major","E major","Red",2012-10-22,"2wtHlpYSgC7xEdD3DrSHNL","1KlU96Hw9nlvqpBPlSqcTV"
"63","Everything Has Changed",0.624,0.458,-6.755,0.0287,0.36,3.89e-06,0.303,0.436,80.017,4,243933,FALSE,"F#","major","F# major","Red",2012-10-22,"7gdwoOmi258QJq0hmQ4hto","1KlU96Hw9nlvqpBPlSqcTV"
"64","Starlight",0.649,0.777,-5.804,0.0406,0.0213,0.000335,0.221,0.587,126.018,4,217826,FALSE,"A","major","A major","Red",2012-10-22,"0vqI4ZIMuifeKeItGiWbPj","1KlU96Hw9nlvqpBPlSqcTV"
"65","Begin Again",0.53,0.526,-8.349,0.0263,0.199,3.52e-06,0.232,0.323,79.025,4,237613,FALSE,"G","major","G major","Red",2012-10-22,"48A0aShHlovDfTMucMrE66","1KlU96Hw9nlvqpBPlSqcTV"
"66","The Moment I Knew",0.62,0.506,-7.327,0.0312,0.187,1.47e-05,0.102,0.275,126.015,4,285560,FALSE,"G","major","G major","Red",2012-10-22,"5AsmAjBSSQjRPWgAYIp8tm","1KlU96Hw9nlvqpBPlSqcTV"
"67","Come Back...Be Here",0.483,0.548,-6.291,0.0254,0.00471,2.01e-06,0.0997,0.217,79.926,4,222706,FALSE,"E","major","E major","Red",2012-10-22,"4qyalTRMRH5YuEntvvMvq0","1KlU96Hw9nlvqpBPlSqcTV"
"68","Girl At Home",0.733,0.59,-5.86,0.0284,0.272,0,0.136,0.633,125.048,4,220320,FALSE,"F","major","F major","Red",2012-10-22,"6cf6rLb8qcklvJv90W6HCW","1KlU96Hw9nlvqpBPlSqcTV"
"69","Welcome To New York",0.789,0.634,-4.762,0.0323,0.0348,1.64e-06,0.302,0.658,116.992,4,212600,FALSE,"G","major","G major","1989",2014-10-27,"33Kq0AT5rvwyE4azisG08x","34OkZVpuzBa9y40DCy0LPR"
"70","Blank Space",0.76,0.703,-5.412,0.054,0.103,0,0.0913,0.57,95.997,4,231826,FALSE,"F","major","F major","1989",2014-10-27,"2sC2P3BN0IXujNaaSyDmtP","34OkZVpuzBa9y40DCy0LPR"
"71","Style",0.588,0.791,-5.595,0.0402,0.00245,0.00258,0.118,0.487,94.933,4,231000,FALSE,"G","major","G major","1989",2014-10-27,"1fo2ctLqj3zBhRQKOXprol","34OkZVpuzBa9y40DCy0LPR"
"72","Out Of The Woods",0.553,0.841,-6.937,0.0396,0.000743,1.19e-05,0.341,0.338,92.008,4,235800,FALSE,"G","major","G major","1989",2014-10-27,"6Nde5KuTXyB7jlPO4upaBo","34OkZVpuzBa9y40DCy0LPR"
"73","All You Had To Do Was Stay",0.605,0.725,-5.729,0.0323,0.00201,2.02e-05,0.101,0.539,96.97,4,193293,FALSE,"F","major","F major","1989",2014-10-27,"0lmMtDQ2ElasKU2qDAE6NN","34OkZVpuzBa9y40DCy0LPR"
"74","Shake It Off",0.647,0.8,-5.384,0.165,0.0647,0,0.334,0.942,160.078,4,219200,FALSE,"G","major","G major","1989",2014-10-27,"3fthfkkvy9av3q3uAGVf7U","34OkZVpuzBa9y40DCy0LPR"
"75","I Wish You Would",0.653,0.893,-5.966,0.0538,0.0158,4.95e-05,0.102,0.513,118.035,4,207440,FALSE,"C","major","C major","1989",2014-10-27,"1B5VzXPqMlvRw0U4HJY3dJ","34OkZVpuzBa9y40DCy0LPR"
"76","Bad Blood",0.646,0.794,-6.104,0.19,0.0885,6.16e-06,0.201,0.287,170.216,4,211933,FALSE,"G","major","G major","1989",2014-10-27,"0yN4fNzmVnmgC0dsOoi9Wh","34OkZVpuzBa9y40DCy0LPR"
"77","Wildest Dreams",0.55,0.688,-7.416,0.0897,0.0692,0.00144,0.106,0.465,139.997,4,220440,FALSE,"G#","major","G# major","1989",2014-10-27,"106R7Z57WYzBAfrXImV30y","34OkZVpuzBa9y40DCy0LPR"
"78","How You Get The Girl",0.765,0.656,-6.112,0.0504,0.00364,0.00868,0.0918,0.545,119.997,4,247533,FALSE,"F","major","F major","1989",2014-10-27,"6wfugRLamFsTRbPcCpNnP7","34OkZVpuzBa9y40DCy0LPR"
"79","This Love",0.481,0.435,-8.795,0.0321,0.678,0,0.0928,0.107,143.95,4,250093,FALSE,"E","major","E major","1989",2014-10-27,"1kTPQnabROVkW9bUXdCGrB","34OkZVpuzBa9y40DCy0LPR"
"80","I Know Places",0.602,0.755,-4.991,0.071,0.245,0,0.178,0.495,159.965,4,195706,FALSE,"C","major","C major","1989",2014-10-27,"2zfgVd034GlUvk7LqBHl6u","34OkZVpuzBa9y40DCy0LPR"
"81","Clean",0.815,0.377,-7.754,0.0346,0.232,0,0.1,0.211,103.97,4,271000,FALSE,"E","major","E major","1989",2014-10-27,"4bXCcoesMt8u99xMsbLr9U","34OkZVpuzBa9y40DCy0LPR"
"82","Wonderland",0.422,0.692,-5.447,0.0549,0.0493,2.57e-05,0.177,0.197,184.014,4,245560,FALSE,"D#","major","D# major","1989",2014-10-27,"6iWMI5oOhWrDbLbjmwTWFq","34OkZVpuzBa9y40DCy0LPR"
"83","You Are In Love",0.474,0.48,-8.894,0.0622,0.707,0.000108,0.0903,0.319,170.109,4,267106,FALSE,"D","major","D major","1989",2014-10-27,"4A2LfnduSTsE8u0ecYROxE","34OkZVpuzBa9y40DCy0LPR"
"84","New Romantics",0.633,0.889,-5.87,0.0715,0.00463,0.000458,0.0658,0.584,121.956,4,230466,FALSE,"F","major","F major","1989",2014-10-27,"6rZVy6FIG7lSJQMFXHo12z","34OkZVpuzBa9y40DCy0LPR"
"85","...Ready For It?",0.613,0.764,-6.509,0.136,0.0527,0,0.197,0.417,160.015,4,208186,FALSE,"D","major","D major","reputation",2017-11-10,"2yLa0QULdQr0qAIvVwN6B5","6DEjYFkNZh67HP7R9PSZvv"
"86","End Game",0.649,0.589,-6.237,0.0558,0.00845,0,0.108,0.151,159.073,4,244826,FALSE,"D","major","D major","reputation",2017-11-10,"2x0WlnmfG39ZuDmstl9xfX","6DEjYFkNZh67HP7R9PSZvv"
"87","I Did Something Bad",0.696,0.602,-6.156,0.159,0.0679,2.11e-05,0.0696,0.305,82.989,4,238253,FALSE,"C","minor","C minor","reputation",2017-11-10,"4svZDCRz4cJoneBpjpx8DJ","6DEjYFkNZh67HP7R9PSZvv"
"88","Don<U+2019>t Blame Me",0.615,0.534,-6.719,0.0386,0.106,1.76e-05,0.0607,0.193,135.917,4,236413,FALSE,"A","minor","A minor","reputation",2017-11-10,"1R0a2iXumgCiFb7HEZ7gUE","6DEjYFkNZh67HP7R9PSZvv"
"89","Delicate",0.75,0.404,-10.178,0.0682,0.216,0.000357,0.0911,0.0499,95.045,4,232253,FALSE,"A","minor","A minor","reputation",2017-11-10,"6NFyWDv5CjfwuzoCkw47Xf","6DEjYFkNZh67HP7R9PSZvv"
"90","Look What You Made Me Do",0.766,0.709,-6.471,0.123,0.204,1.41e-05,0.126,0.506,128.07,4,211853,FALSE,"A","minor","A minor","reputation",2017-11-10,"1P17dC1amhFzptugyAO7Il","6DEjYFkNZh67HP7R9PSZvv"
"91","So It Goes...",0.574,0.61,-7.283,0.0732,0.122,1.1e-06,0.13,0.374,74.957,4,227906,FALSE,"D","major","D major","reputation",2017-11-10,"5PxFv9yJEg9dxvbZggykro","6DEjYFkNZh67HP7R9PSZvv"
"92","Gorgeous",0.8,0.535,-6.684,0.135,0.0713,9.48e-06,0.213,0.451,92.027,4,209680,FALSE,"G","major","G major","reputation",2017-11-10,"1ZY1PqizIl78geGM4xWlEA","6DEjYFkNZh67HP7R9PSZvv"
"93","Getaway Car",0.562,0.689,-6.745,0.127,0.00465,2.23e-06,0.0888,0.351,172.054,4,233626,FALSE,"D","major","D major","reputation",2017-11-10,"0VE4kBnHJUgtMf0dy6DRmW","6DEjYFkNZh67HP7R9PSZvv"
"94","King Of My Heart",0.675,0.703,-7.902,0.0382,0.00882,2.21e-06,0.0391,0.314,110.01,4,214320,FALSE,"C","major","C major","reputation",2017-11-10,"7HuBDWi18s4aJM8UFnNheH","6DEjYFkNZh67HP7R9PSZvv"
"95","Dancing With Our Hands Tied",0.624,0.691,-6.686,0.196,0.0604,1.1e-05,0.138,0.284,160.024,4,211506,FALSE,"C","minor","C minor","reputation",2017-11-10,"7I7JbDv63ZJJsSi24DyJrz","6DEjYFkNZh67HP7R9PSZvv"
"96","Dress",0.719,0.469,-8.792,0.0533,0.0329,0,0.169,0.0851,120.085,4,230373,FALSE,"C","major","C major","reputation",2017-11-10,"6oVxXO5oQ4pTpO8RSnkzvv","6DEjYFkNZh67HP7R9PSZvv"
"97","This Is Why We Can't Have Nice Things",0.567,0.789,-5.986,0.115,0.0156,0,0.382,0.438,163.96,4,207133,FALSE,"F","major","F major","reputation",2017-11-10,"07NxDD1iKCHbAldceD7QLP","6DEjYFkNZh67HP7R9PSZvv"
"98","Call It What You Want",0.598,0.504,-9.874,0.0731,0.186,0.000221,0.34,0.252,163.954,4,203506,FALSE,"A","major","A major","reputation",2017-11-10,"1GwMQaZz6Au3QLDbjbMdme","6DEjYFkNZh67HP7R9PSZvv"
"99","New Year<U+2019>s Day",0.661,0.151,-12.864,0.0354,0.921,0,0.13,0.23,94.922,4,235466,FALSE,"C","major","C major","reputation",2017-11-10,"7F5oktn5YOsR9eR5YsFtqb","6DEjYFkNZh67HP7R9PSZvv"
"100","I Forgot That You Existed",0.664,0.316,-10.345,0.519,0.298,2.03e-06,0.0812,0.541,92.875,4,170640,FALSE,"F","major","F major","Lover",2019-08-23,"43rA71bccXFGD4C8GOpIlN","1NAmidJlEaVgA3MpcPFYGq"
"101","Cruel Summer",0.552,0.702,-5.707,0.157,0.117,2.06e-05,0.105,0.564,169.994,4,178426,FALSE,"A","major","A major","Lover",2019-08-23,"1BxfuPKGuaTgP7aM0Bbdwr","1NAmidJlEaVgA3MpcPFYGq"
"102","Lover",0.359,0.543,-7.582,0.0919,0.492,1.58e-05,0.118,0.453,68.534,4,221306,FALSE,"G","major","G major","Lover",2019-08-23,"1dGr1c8CrMLDpV6mPbImSI","1NAmidJlEaVgA3MpcPFYGq"
"103","The Man",0.777,0.658,-5.191,0.054,0.0767,0,0.0901,0.633,110.048,4,190360,FALSE,"C","major","C major","Lover",2019-08-23,"3RauEVgRgj1IuWdJ9fDs70","1NAmidJlEaVgA3MpcPFYGq"
"104","The Archer",0.292,0.574,-9.375,0.0401,0.12,0.00569,0.0663,0.166,124.344,4,211240,FALSE,"C","major","C major","Lover",2019-08-23,"3pHkh7d0lzM2AldUtz2x37","1NAmidJlEaVgA3MpcPFYGq"
"105","I Think He Knows",0.897,0.366,-8.029,0.0569,0.00889,0.000353,0.0715,0.416,100.003,4,173386,FALSE,"C","major","C major","Lover",2019-08-23,"2YWtcWi3a83pdEg3Gif4Pd","1NAmidJlEaVgA3MpcPFYGq"
"106","Miss Americana & The Heartbreak Prince",0.662,0.747,-6.926,0.0736,0.028,0.00615,0.138,0.487,150.088,4,234146,FALSE,"B","minor","B minor","Lover",2019-08-23,"214nt20w5wOxJnY462klLw","1NAmidJlEaVgA3MpcPFYGq"
"107","Paper Rings",0.811,0.719,-6.553,0.0497,0.0129,1.36e-05,0.0742,0.865,103.979,4,222400,FALSE,"A","major","A major","Lover",2019-08-23,"4y5bvROuBDPr5fuwXbIBZR","1NAmidJlEaVgA3MpcPFYGq"
"108","Cornelia Street",0.824,0.624,-9.728,0.0827,0.781,0.000189,0.1,0.248,102.012,4,287266,FALSE,"C","major","C major","Lover",2019-08-23,"12M5uqx0ZuwkpLp5rJim1a","1NAmidJlEaVgA3MpcPFYGq"
"109","Death By A Thousand Cuts",0.712,0.732,-6.754,0.0629,0.454,0,0.319,0.313,94.071,4,198533,FALSE,"E","major","E major","Lover",2019-08-23,"2dgFqt3w9xIQRjhPtwNk3D","1NAmidJlEaVgA3MpcPFYGq"
"110","London Boy",0.695,0.71,-6.639,0.05,0.0246,0.000104,0.133,0.557,157.925,4,190240,FALSE,"C#","major","C# major","Lover",2019-08-23,"1LLXZFeAHK9R4xUramtUKw","1NAmidJlEaVgA3MpcPFYGq"
"111","Soon You<U+2019>ll Get Better (feat. The Chicks)",0.433,0.182,-12.566,0.0641,0.907,0,0.123,0.421,207.476,4,201586,FALSE,"C","major","C major","Lover",2019-08-23,"4AYtqFyFbX0Xkc2wtcygTr","1NAmidJlEaVgA3MpcPFYGq"
"112","False God",0.739,0.32,-10.862,0.239,0.736,0.000147,0.111,0.351,79.97,4,200306,FALSE,"B","minor","B minor","Lover",2019-08-23,"5hQSXkFgbxjZo9uCwd11so","1NAmidJlEaVgA3MpcPFYGq"
"113","You Need To Calm Down",0.771,0.671,-5.617,0.0553,0.00929,0,0.0637,0.714,85.026,4,171360,FALSE,"D","major","D major","Lover",2019-08-23,"6RRNNciQGZEXnqk8SQ9yv5","1NAmidJlEaVgA3MpcPFYGq"
"114","Afterglow",0.756,0.449,-8.746,0.0344,0.13,0,0.114,0.399,111.011,4,223293,FALSE,"A","major","A major","Lover",2019-08-23,"1SymEzIT3H8UZfibCs3TYi","1NAmidJlEaVgA3MpcPFYGq"
"115","ME! (feat. Brendon Urie of Panic! At The Disco)",0.61,0.83,-4.105,0.0571,0.033,0,0.118,0.728,182.162,4,193000,FALSE,"C","major","C major","Lover",2019-08-23,"2Rk4JlNc2TPmZe2af99d45","1NAmidJlEaVgA3MpcPFYGq"
"116","It<U+2019>s Nice To Have A Friend",0.737,0.175,-9.912,0.0401,0.971,0.000337,0.171,0.545,70.008,4,150440,FALSE,"A#","major","A# major","Lover",2019-08-23,"1SmiQ65iSAbPto6gPFlBYm","1NAmidJlEaVgA3MpcPFYGq"
"117","Daylight",0.557,0.496,-9.602,0.0563,0.808,0.000173,0.0772,0.265,149.983,4,293453,FALSE,"C","major","C major","Lover",2019-08-23,"1fzAuUVbzlhZ1lJAx9PtY6","1NAmidJlEaVgA3MpcPFYGq"
"118","the 1",0.765,0.348,-6.963,0.0579,0.764,1.01e-05,0.108,0.171,140.016,4,210251,FALSE,"C","major","C major","folklore",2020-08-17,"5WWzC95Mqp3OYgJCHwjHdY","7v7pe5vZQPWB5zW0JrKRiw"
"119","cardigan",0.613,0.581,-8.588,0.0424,0.537,0.000345,0.25,0.551,130.033,4,239560,FALSE,"C","minor","C minor","folklore",2020-08-17,"1PybBpkSEB46GS1TF9n3e3","7v7pe5vZQPWB5zW0JrKRiw"
"120","the last great american dynasty",0.684,0.661,-8.507,0.0407,0.473,0.00215,0.109,0.713,147.909,4,230999,FALSE,"G","major","G major","folklore",2020-08-17,"1oyvfXXSKGurQV68wZq8aK","7v7pe5vZQPWB5zW0JrKRiw"
"121","exile (feat. Bon Iver)",0.298,0.38,-8.426,0.0287,0.778,5.62e-05,0.11,0.152,75.602,4,285634,FALSE,"F#","major","F# major","folklore",2020-08-17,"160aOpD0QnQdUHBbWbojTx","7v7pe5vZQPWB5zW0JrKRiw"
"122","my tears ricochet",0.469,0.263,-10.63,0.0329,0.806,0,0.0749,0.112,129.86,4,255893,FALSE,"C","major","C major","folklore",2020-08-17,"4Ue1tL32N8J4Y2WhcAWlgk","7v7pe5vZQPWB5zW0JrKRiw"
"123","mirrorball",0.553,0.413,-10.037,0.0334,0.687,2.33e-06,0.0594,0.379,110.107,4,208977,FALSE,"D","major","D major","folklore",2020-08-17,"3zBBJ6LVn8Y9JnDrnPxvMC","7v7pe5vZQPWB5zW0JrKRiw"
"124","seven",0.596,0.488,-10.769,0.0274,0.9,2.7e-05,0.091,0.415,94.922,4,208906,FALSE,"E","major","E major","folklore",2020-08-17,"55FiXQZgp3NChLYhYC1rnj","7v7pe5vZQPWB5zW0JrKRiw"
"125","august",0.532,0.623,-9.208,0.0331,0.538,7.28e-05,0.0925,0.403,89.937,4,261922,FALSE,"F","major","F major","folklore",2020-08-17,"5jkmNosiv4Tt9JRP8JqT59","7v7pe5vZQPWB5zW0JrKRiw"
"126","this is me trying",0.515,0.476,-9.843,0.0328,0.314,4.74e-05,0.171,0.412,135.886,4,195097,FALSE,"A","major","A major","folklore",2020-08-17,"5LRDGLySkHo4G0l32jU2cB","7v7pe5vZQPWB5zW0JrKRiw"
"127","illicit affairs",0.559,0.31,-10.445,0.0338,0.881,0,0.106,0.46,119.845,4,190898,FALSE,"A#","major","A# major","folklore",2020-08-17,"2gmCOqKc5sc72rtRnhrbKa","7v7pe5vZQPWB5zW0JrKRiw"
"128","invisible string",0.653,0.452,-11.143,0.055,0.838,7.73e-05,0.108,0.45,83.433,4,252880,FALSE,"E","minor","E minor","folklore",2020-08-17,"2Uoesc7DCQIE58OECSTYtF","7v7pe5vZQPWB5zW0JrKRiw"
"129","mad woman",0.596,0.709,-8.938,0.0431,0.649,9.92e-06,0.114,0.533,141.978,4,237258,FALSE,"F","minor","F minor","folklore",2020-08-17,"3EPwQ6nq2dQEeoRqnm1boe","7v7pe5vZQPWB5zW0JrKRiw"
"130","epiphany",0.175,0.267,-13.69,0.0302,0.731,0.000402,0.0858,0.106,94.203,4,289749,FALSE,"C#","major","C# major","folklore",2020-08-17,"0b7rims1HOMhXJVCly981N","7v7pe5vZQPWB5zW0JrKRiw"
"131","betty",0.59,0.379,-8.717,0.0255,0.544,0,0.0983,0.467,96.029,4,294521,FALSE,"C","major","C major","folklore",2020-08-17,"7w0hHA41usBpo8isfAtl1g","7v7pe5vZQPWB5zW0JrKRiw"
"132","peace",0.651,0.269,-12.912,0.0983,0.918,2.17e-05,0.0918,0.334,150.033,4,234000,FALSE,"F","major","F major","folklore",2020-08-17,"3YT3zOo7VgAlvW1yOUMXDg","7v7pe5vZQPWB5zW0JrKRiw"
"133","hoax",0.662,0.181,-15.065,0.0415,0.966,3.86e-06,0.133,0.429,118.819,4,220042,FALSE,"G#","major","G# major","folklore",2020-08-17,"6S5C2Cdmzn9bxlmLQYoXyU","7v7pe5vZQPWB5zW0JrKRiw"
"134","the lakes - bonus track",0.509,0.262,-11.531,0.0311,0.85,1.68e-06,0.0851,0.287,89.846,4,211798,FALSE,"D","major","D major","folklore",2020-08-17,"5dwQhzeE8LXpl9sbZJZmQS","7v7pe5vZQPWB5zW0JrKRiw"
"135","willow",0.392,0.574,-9.195,0.17,0.833,0.00179,0.145,0.529,81.112,4,214706,FALSE,"G","major","G major","evermore",2021-01-07,"2gVhfX2Gy1T9kDuS9azrF7","6AORtDjduMM3bupSWzbTSG"
"136","champagne problems",0.462,0.24,-12.077,0.0377,0.92,0,0.113,0.32,171.319,4,244000,TRUE,"C","major","C major","evermore",2021-01-07,"1gcyHQpBQ1lfXGdhZmWrHP","6AORtDjduMM3bupSWzbTSG"
"137","gold rush",0.512,0.462,-10.491,0.0408,0.83,0.166,0.121,0.353,112.05,4,185320,TRUE,"A","major","A major","evermore",2021-01-07,"3Dby3p1m6IOZn2gIIqECgK","6AORtDjduMM3bupSWzbTSG"
"138","<U+2018>tis the damn season",0.575,0.434,-8.193,0.0312,0.735,6.59e-05,0.105,0.348,145.916,4,229840,FALSE,"F","major","F major","evermore",2021-01-07,"6sQckd3Z8NPxVVKUnavY1F","6AORtDjduMM3bupSWzbTSG"
"139","tolerate it",0.316,0.361,-10.381,0.0488,0.878,2.67e-05,0.0797,0.221,74.952,5,245440,TRUE,"A","major","A major","evermore",2021-01-07,"6lCvK2AR2uOKkVFCVlAzzm","6AORtDjduMM3bupSWzbTSG"
"140","no body, no crime (feat. HAIM)",0.546,0.613,-7.589,0.0264,0.418,0,0.103,0.535,79.015,4,215626,FALSE,"G","minor","G minor","evermore",2021-01-07,"6uwfVkaOM1mcMkFmSn35ix","6AORtDjduMM3bupSWzbTSG"
"141","happiness",0.559,0.334,-10.733,0.0376,0.87,0,0.114,0.211,122.079,4,315146,TRUE,"B","major","B major","evermore",2021-01-07,"55Vf4bimc1Rtfg0PAQRAo2","6AORtDjduMM3bupSWzbTSG"
"142","dorothea",0.605,0.488,-8.322,0.0264,0.696,0,0.129,0.354,119.966,4,225880,FALSE,"E","major","E major","evermore",2021-01-07,"66tOfHVH3aUrscg8vExRV4","6AORtDjduMM3bupSWzbTSG"
"143","coney island (feat. The National)",0.537,0.537,-11.266,0.0617,0.819,0.000904,0.142,0.292,107.895,4,275320,FALSE,"G#","major","G# major","evermore",2021-01-07,"2awNGIJHodfLZSClB3PYhz","6AORtDjduMM3bupSWzbTSG"
"144","ivy",0.515,0.545,-9.277,0.0353,0.855,1.97e-05,0.0921,0.535,88.856,4,260440,TRUE,"D","major","D major","evermore",2021-01-07,"43Ykum9T72UOPhBN31grpN","6AORtDjduMM3bupSWzbTSG"
"145","cowboy like me",0.604,0.517,-9.014,0.0347,0.768,0.000155,0.123,0.511,127.967,4,275040,TRUE,"C","major","C major","evermore",2021-01-07,"52OkpDsU6MmPx1AwGOb6Ap","6AORtDjduMM3bupSWzbTSG"
"146","long story short",0.546,0.73,-7.704,0.0417,0.66,0.179,0.0972,0.573,157.895,4,215920,FALSE,"C","major","C major","evermore",2021-01-07,"5VYWxXUpxuxEmCqMLDqICo","6AORtDjduMM3bupSWzbTSG"
"147","marjorie",0.535,0.561,-11.609,0.0484,0.876,0.000136,0.115,0.287,96.103,4,257773,FALSE,"F","major","F major","evermore",2021-01-07,"5uICWmZTLkpEVbK22PBP6e","6AORtDjduMM3bupSWzbTSG"
"148","closure",0.689,0.704,-10.813,0.245,0.835,4.83e-06,0.134,0.92,151.884,5,180653,FALSE,"A","major","A major","evermore",2021-01-07,"6a8aUhYbaQBUI8PcJ5ZmQ6","6AORtDjduMM3bupSWzbTSG"
"149","evermore (feat. Bon Iver)",0.39,0.27,-10.673,0.0308,0.937,0.00227,0.111,0.32,125.177,5,304106,FALSE,"C#","major","C# major","evermore",2021-01-07,"6Wlq9rqkxrqj5Kls4Kw14H","6AORtDjduMM3bupSWzbTSG"
"150","right where you left me - bonus track",0.581,0.619,-6.524,0.0282,0.769,0.000106,0.117,0.645,137.915,4,245026,FALSE,"A#","major","A# major","evermore",2021-01-07,"3zwMVvkBe2qIKDObWgXw4N","6AORtDjduMM3bupSWzbTSG"
"151","it<U+2019>s time to go - bonus track",0.592,0.41,-12.426,0.0397,0.801,1.39e-05,0.09,0.416,151.923,4,254640,FALSE,"C","major","C major","evermore",2021-01-07,"1kdWw77ZpYOkhxeuhzU1j6","6AORtDjduMM3bupSWzbTSG"
"152","Fearless (Taylor<U+2019>s Version)",0.569,0.741,-4.963,0.0282,0.0122,0,0.333,0.43,100.118,4,241591,FALSE,"F","major","F major","Fearless (Taylor's Version)",2021-04-09,"77sMIMlNaSURUAXq5coCxE","4hDok0OAJd57SGIT8xuWJH"
"153","Fifteen (Taylor<U+2019>s Version)",0.559,0.646,-4.61,0.0272,0.116,0,0.32,0.289,95.466,4,294419,FALSE,"G","major","G major","Fearless (Taylor's Version)",2021-04-09,"2nqio0SfWg6gh2eCtfuMa5","4hDok0OAJd57SGIT8xuWJH"
"154","Love Story (Taylor<U+2019>s Version)",0.627,0.792,-4.311,0.031,0.13,3.97e-06,0.0845,0.415,119.054,4,235766,FALSE,"D","major","D major","Fearless (Taylor's Version)",2021-04-09,"6YvqWjhGD8mB5QXcbcUKtx","4hDok0OAJd57SGIT8xuWJH"
"155","Hey Stephen (Taylor<U+2019>s Version)",0.788,0.571,-6.135,0.0296,0.106,0,0.0934,0.797,115.99,4,254254,FALSE,"F#","major","F# major","Fearless (Taylor's Version)",2021-04-09,"550erGcdD9n6PnwxrvYqZT","4hDok0OAJd57SGIT8xuWJH"
"156","White Horse (Taylor<U+2019>s Version)",0.423,0.517,-7.377,0.0486,0.369,0,0.177,0.366,185.262,4,234515,FALSE,"C","major","C major","Fearless (Taylor's Version)",2021-04-09,"5YL553x8sHderRBDlm3NM3","4hDok0OAJd57SGIT8xuWJH"
"157","You Belong With Me (Taylor<U+2019>s Version)",0.632,0.773,-4.856,0.0346,0.0623,0,0.0885,0.474,130.033,4,231124,FALSE,"F#","major","F# major","Fearless (Taylor's Version)",2021-04-09,"1qrpoAMXodY6895hGKoUpA","4hDok0OAJd57SGIT8xuWJH"
"158","Breathe (feat. Colbie Caillat) (Taylor<U+2019>s Version)",0.506,0.626,-6.066,0.0287,0.156,0,0.228,0.321,148.035,4,263377,FALSE,"C#","major","C# major","Fearless (Taylor's Version)",2021-04-09,"7HC7R2D8WjXVcUHJyEGjRs","4hDok0OAJd57SGIT8xuWJH"
"159","Tell Me Why (Taylor<U+2019>s Version)",0.578,0.909,-3.669,0.0628,0.0222,0,0.333,0.541,100.023,4,200575,FALSE,"G","major","G major","Fearless (Taylor's Version)",2021-04-09,"0k0vFacOHNuArLWMiH60p7","4hDok0OAJd57SGIT8xuWJH"
"160","You<U+2019>re Not Sorry (Taylor<U+2019>s Version)",0.506,0.444,-4.99,0.0285,0.0538,0,0.123,0.241,133.873,4,261842,FALSE,"F#","major","F# major","Fearless (Taylor's Version)",2021-04-09,"6iiAfo4wTA2CVC3Uwx9uh8","4hDok0OAJd57SGIT8xuWJH"
"161","The Way I Loved You (Taylor<U+2019>s Version)",0.402,0.732,-4.665,0.0484,0.0033,0,0.108,0.472,161.032,4,243136,FALSE,"F","major","F major","Fearless (Taylor's Version)",2021-04-09,"22bPsP2jCgbLUvh82U0Z3M","4hDok0OAJd57SGIT8xuWJH"
"162","Forever & Always (Taylor<U+2019>s Version)",0.598,0.821,-4.433,0.0447,0.0231,0,0.143,0.673,128.03,4,225328,FALSE,"A#","major","A# major","Fearless (Taylor's Version)",2021-04-09,"1msEuwSBneBKpVCZQcFTsU","4hDok0OAJd57SGIT8xuWJH"
"163","The Best Day (Taylor<U+2019>s Version)",0.642,0.576,-8.524,0.0282,0.488,0,0.159,0.469,125,4,245290,FALSE,"C#","major","C# major","Fearless (Taylor's Version)",2021-04-09,"6ON9UuIq49xXY9GPmHIYRp","4hDok0OAJd57SGIT8xuWJH"
"164","Change (Taylor<U+2019>s Version)",0.499,0.815,-4.063,0.0341,0.000191,0,0.181,0.344,95.999,4,279359,FALSE,"F","major","F major","Fearless (Taylor's Version)",2021-04-09,"3ExweHKZF9B752DPQByRVT","4hDok0OAJd57SGIT8xuWJH"
"165","Jump Then Fall (Taylor<U+2019>s Version)",0.572,0.69,-6.201,0.0358,0.0474,0,0.0897,0.624,160.111,4,237580,FALSE,"D","major","D major","Fearless (Taylor's Version)",2021-04-09,"2m3ObD945KvpE5y9A1eUWm","4hDok0OAJd57SGIT8xuWJH"
"166","Untouchable (Taylor<U+2019>s Version)",0.393,0.531,-6.112,0.0329,0.0181,0,0.169,0.224,200.391,4,312107,FALSE,"F","major","F major","Fearless (Taylor's Version)",2021-04-09,"0tQ9vBYpldCuikPsbgOVKA","4hDok0OAJd57SGIT8xuWJH"
"167","Come In With The Rain (Taylor<U+2019>s Version)",0.476,0.564,-5.677,0.0269,0.0406,0,0.102,0.167,143.929,4,237338,FALSE,"D","major","D major","Fearless (Taylor's Version)",2021-04-09,"1n2wszmJyVkw6FHqyLnQsY","4hDok0OAJd57SGIT8xuWJH"
"168","Superstar (Taylor<U+2019>s Version)",0.454,0.555,-6.69,0.0283,0.157,0,0.343,0.171,171.862,4,263865,FALSE,"D","major","D major","Fearless (Taylor's Version)",2021-04-09,"51A8eKvvZz9uydvIZ7xRSV","4hDok0OAJd57SGIT8xuWJH"
"169","The Other Side Of The Door (Taylor<U+2019>s Version)",0.432,0.873,-4.367,0.0577,0.0279,0,0.167,0.629,163.936,4,238443,FALSE,"E","major","E major","Fearless (Taylor's Version)",2021-04-09,"1cSFlSBdpT4F5vb1frQ231","4hDok0OAJd57SGIT8xuWJH"
"170","Today Was A Fairytale (Taylor<U+2019>s Version)",0.482,0.779,-5.025,0.0409,0.0135,0,0.296,0.328,158.162,4,241822,FALSE,"G","major","G major","Fearless (Taylor's Version)",2021-04-09,"2JoJrsEV15OzbijS47lids","4hDok0OAJd57SGIT8xuWJH"
"171","You All Over Me (feat. Maren Morris) (Taylor<U+2019>s Version) (From The Vault)",0.599,0.494,-7.61,0.0372,0.816,0,0.101,0.44,142.893,4,220839,FALSE,"D","major","D major","Fearless (Taylor's Version)",2021-04-09,"4CHpVfAhuxNJ3ibExe6kxO","4hDok0OAJd57SGIT8xuWJH"
"172","Mr. Perfectly Fine (Taylor<U+2019>s Version) (From The Vault)",0.66,0.817,-6.269,0.0521,0.162,0,0.0667,0.714,135.942,4,277591,FALSE,"B","minor","B minor","Fearless (Taylor's Version)",2021-04-09,"2CYVETnhM9aytqrazYYwrK","4hDok0OAJd57SGIT8xuWJH"
"173","We Were Happy (Taylor<U+2019>s Version) (From The Vault)",0.609,0.373,-8.819,0.0263,0.849,0,0.0779,0.13,106.007,4,244236,FALSE,"C","major","C major","Fearless (Taylor's Version)",2021-04-09,"34V9RiEPe8MNdU32qJsJa1","4hDok0OAJd57SGIT8xuWJH"
"174","That<U+2019>s When (feat. Keith Urban) (Taylor<U+2019>s Version) (From The Vault)",0.588,0.608,-7.062,0.0365,0.225,0,0.092,0.508,90.201,4,189495,FALSE,"F","major","F major","Fearless (Taylor's Version)",2021-04-09,"7eResoqEJJAVTkQYSqvO3P","4hDok0OAJd57SGIT8xuWJH"
"175","Don<U+2019>t You (Taylor<U+2019>s Version) (From The Vault)",0.563,0.473,-11.548,0.0503,0.514,1.2e-05,0.109,0.405,101.934,4,208608,FALSE,"D#","major","D# major","Fearless (Taylor's Version)",2021-04-09,"4uuEGH5SVuzkkSFjo2DEiY","4hDok0OAJd57SGIT8xuWJH"
"176","Bye Bye Baby (Taylor<U+2019>s Version) (From The Vault)",0.624,0.624,-7.86,0.0539,0.334,0,0.0995,0.527,80.132,4,242157,FALSE,"F","major","F major","Fearless (Taylor's Version)",2021-04-09,"4qUijfYU8EoIWiY6oSyrgT","4hDok0OAJd57SGIT8xuWJH"
"177","State Of Grace (Taylor's Version)",0.594,0.713,-5.314,0.0503,0.000328,0,0.114,0.328,129.958,4,295413,FALSE,"A","major","A major","Red (Taylor's Version)",2021-11-12,"6lzc0Al0zfZOIFsFvBS1ki","6kZ42qRrzov54LcAk4onW9"
"178","Red (Taylor's Version)",0.516,0.777,-4.908,0.0375,0.00108,1.62e-06,0.0761,0.408,125.047,4,223093,FALSE,"C#","minor","C# minor","Red (Taylor's Version)",2021-11-12,"4OAuvHryIVv4kMDNSLuPt6","6kZ42qRrzov54LcAk4onW9"
"179","Treacherous (Taylor's Version)",0.645,0.593,-6.506,0.0288,0.0344,0.000127,0.13,0.299,109.984,4,242720,FALSE,"D","major","D major","Red (Taylor's Version)",2021-11-12,"3S7HNKPakdwNEBFIVTL6dZ","6kZ42qRrzov54LcAk4onW9"
"180","I Knew You Were Trouble (Taylor's Version)",0.584,0.557,-6.371,0.0342,0.0129,0,0.0576,0.767,154.008,4,219760,FALSE,"F#","major","F# major","Red (Taylor's Version)",2021-11-12,"6AtZLIzUINvExIUy4QhdjP","6kZ42qRrzov54LcAk4onW9"
"181","All Too Well (Taylor's Version)",0.44,0.528,-7.809,0.0317,0.0171,0.00203,0.234,0.132,185.972,4,329160,FALSE,"C","major","C major","Red (Taylor's Version)",2021-11-12,"3nsfB1vus2qaloUdcBZvDu","6kZ42qRrzov54LcAk4onW9"
"182","22 (Taylor's Version)",0.642,0.695,-5.62,0.0281,0.000443,1.02e-05,0.0753,0.642,103.984,4,230960,FALSE,"G","major","G major","Red (Taylor's Version)",2021-11-12,"3yII7UwgLF6K5zW3xad3MP","6kZ42qRrzov54LcAk4onW9"
"183","I Almost Do (Taylor's Version)",0.511,0.559,-6.587,0.0264,0.0167,0,0.113,0.248,145.88,4,244586,FALSE,"E","major","E major","Red (Taylor's Version)",2021-11-12,"2r9CbjYgFhtAmcFv1cSquB","6kZ42qRrzov54LcAk4onW9"
"184","We Are Never Ever Getting Back Together (Taylor's Version)",0.567,0.686,-6.139,0.175,0.0317,1.86e-06,0.0732,0.716,172.014,4,193146,FALSE,"G","major","G major","Red (Taylor's Version)",2021-11-12,"5YqltLsjdqFtvqE7Nrysvs","6kZ42qRrzov54LcAk4onW9"
"185","Stay Stay Stay (Taylor's Version)",0.693,0.681,-7.039,0.025,0.0848,0,0.0768,0.663,100.02,4,205786,FALSE,"C","major","C major","Red (Taylor's Version)",2021-11-12,"7eQj6r5PIdYKEIZjucBMcq","6kZ42qRrzov54LcAk4onW9"
"186","The Last Time (feat. Gary Lightbody of Snow Patrol) (Taylor<U+2019>s Version)",0.502,0.534,-5.954,0.0278,0.0399,0,0.0977,0.155,94.05,4,299080,FALSE,"D","major","D major","Red (Taylor's Version)",2021-11-12,"0y6kdSRCVQhSsHSpWvTUm7","6kZ42qRrzov54LcAk4onW9"
"187","Holy Ground (Taylor's Version)",0.622,0.809,-5.623,0.0638,0.0288,0.00218,0.109,0.511,156.894,4,202960,FALSE,"A","major","A major","Red (Taylor's Version)",2021-11-12,"7J4b3LVCIGO4CMBDFLPoP6","6kZ42qRrzov54LcAk4onW9"
"188","Sad Beautiful Tragic (Taylor's Version)",0.601,0.406,-11.827,0.0275,0.622,9.19e-05,0.133,0.232,130.059,3,284773,FALSE,"G","major","G major","Red (Taylor's Version)",2021-11-12,"73qMN9bXy7MSPwwGfH3wQr","6kZ42qRrzov54LcAk4onW9"
"189","The Lucky One (Taylor's Version)",0.686,0.571,-7.138,0.05,0.066,0,0.0608,0.538,117.889,4,240466,FALSE,"E","major","E major","Red (Taylor's Version)",2021-11-12,"4e5ayHsOLJNLTGfjau2mEw","6kZ42qRrzov54LcAk4onW9"
"190","Everything Has Changed (feat. Ed Sheeran) (Taylor<U+2019>s Version)",0.498,0.61,-5.098,0.0363,0.271,0,0.223,0.474,79.918,4,245426,FALSE,"F#","major","F# major","Red (Taylor's Version)",2021-11-12,"7qEUFOVcxRI19tbT68JcYK","6kZ42qRrzov54LcAk4onW9"
"191","Starlight (Taylor's Version)",0.628,0.685,-5.864,0.0358,0.00324,0,0.18,0.605,126.014,4,220413,FALSE,"E","major","E major","Red (Taylor's Version)",2021-11-12,"7A2cNLRT0YJc1yjxHlKihs","6kZ42qRrzov54LcAk4onW9"
"192","Begin Again (Taylor's Version)",0.519,0.527,-7.673,0.0274,0.075,0,0.132,0.267,78.915,4,238866,FALSE,"G","major","G major","Red (Taylor's Version)",2021-11-12,"05GsNucq8Bngd9fnd4fRa0","6kZ42qRrzov54LcAk4onW9"
"193","The Moment I Knew (Taylor's Version)",0.636,0.402,-7.855,0.031,0.0494,0,0.107,0.208,125.952,4,285280,FALSE,"G","major","G major","Red (Taylor's Version)",2021-11-12,"0NRHj8hDwwmSPaA41o379r","6kZ42qRrzov54LcAk4onW9"
"194","Come Back...Be Here (Taylor's Version)",0.46,0.632,-6.031,0.0302,0.0158,0,0.0822,0.399,79.846,4,223333,FALSE,"E","major","E major","Red (Taylor's Version)",2021-11-12,"4pNApnaUWAL2J4KO2eqokq","6kZ42qRrzov54LcAk4onW9"
"195","Girl At Home (Taylor's Version)",0.691,0.736,-6.974,0.0326,0.00955,1.88e-05,0.101,0.612,125.089,4,220520,FALSE,"F","major","F major","Red (Taylor's Version)",2021-11-12,"0DMVrlMUn01M0IcpDbwgu7","6kZ42qRrzov54LcAk4onW9"
"196","Ronan (Taylor's Version)",0.623,0.279,-10.802,0.031,0.661,0,0.193,0.38,116.04,4,264253,FALSE,"C","major","C major","Red (Taylor's Version)",2021-11-12,"7nWui6jiMM2m9qFmET1Mtj","6kZ42qRrzov54LcAk4onW9"
"197","Better Man (Taylor's Version) (From The Vault)",0.473,0.579,-5.824,0.0384,0.214,0,0.0877,0.255,73.942,4,297013,FALSE,"E","major","E major","Red (Taylor's Version)",2021-11-12,"4OmFmE0fzcMG6g0Y8p4eSD","6kZ42qRrzov54LcAk4onW9"
"198","Nothing New (feat. Phoebe Bridgers) (Taylor<U+2019>s Version) (From The Vault)",0.606,0.377,-9.455,0.0275,0.817,0,0.154,0.446,101.96,4,258812,FALSE,"C","major","C major","Red (Taylor's Version)",2021-11-12,"01K4zKU104LyJ8gMb7227B","6kZ42qRrzov54LcAk4onW9"
"199","Babe (Taylor's Version) (From The Vault)",0.584,0.743,-7.075,0.0931,0.0538,2.83e-06,0.121,0.746,167.844,4,224240,FALSE,"E","major","E major","Red (Taylor's Version)",2021-11-12,"0v4z1tuZvn6LGknom9Qx7d","6kZ42qRrzov54LcAk4onW9"
"200","Message In A Bottle (Taylor's Version) (From The Vault)",0.622,0.791,-6.106,0.0535,0.00188,3.72e-06,0.083,0.494,115.915,4,225960,FALSE,"G","major","G major","Red (Taylor's Version)",2021-11-12,"3z6XUommYDWPHeFhmhhT6j","6kZ42qRrzov54LcAk4onW9"
"201","I Bet You Think About Me (feat. Chris Stapleton) (Taylor<U+2019>s Version) (From The Vault)",0.391,0.715,-4.516,0.0495,0.167,0,0.183,0.473,149.654,3,285106,TRUE,"C","major","C major","Red (Taylor's Version)",2021-11-12,"4CkgMiMqZ5JzW9iYXSTMTL","6kZ42qRrzov54LcAk4onW9"
"202","Forever Winter (Taylor's Version) (From The Vault)",0.611,0.552,-5.828,0.031,0.256,0,0.134,0.41,116.012,4,263533,FALSE,"G","major","G major","Red (Taylor's Version)",2021-11-12,"3oGVx9RBmiYGv5ZCecWLkx","6kZ42qRrzov54LcAk4onW9"
"203","Run (feat. Ed Sheeran) (Taylor<U+2019>s Version) (From The Vault)",0.61,0.488,-6.918,0.0293,0.817,0,0.312,0.443,125.039,4,240226,FALSE,"D#","major","D# major","Red (Taylor's Version)",2021-11-12,"4IQkfUsrwXol38VV3U7t7T","6kZ42qRrzov54LcAk4onW9"
"204","The Very First Night (Taylor's Version) (From The Vault)",0.678,0.733,-5.025,0.0281,0.00115,0,0.104,0.581,121.009,4,200280,FALSE,"G","major","G major","Red (Taylor's Version)",2021-11-12,"6pYNq0ZwpPVazKzsqpf0G8","6kZ42qRrzov54LcAk4onW9"
"205","All Too Well (10 Minute Version) (Taylor's Version) (From The Vault)",0.631,0.518,-8.771,0.0303,0.274,0,0.088,0.205,93.023,4,613026,TRUE,"C","major","C major","Red (Taylor's Version)",2021-11-12,"5enxwA8aAbwZbf5qCHORXi","6kZ42qRrzov54LcAk4onW9"
"206","Lavender Haze",0.735,0.46,-10.501,0.0804,0.253,0.00167,0.184,0.106,96.962,4,202395,FALSE,"F","minor","F minor","Midnights",2022-10-21,"2KkIiEt1WIHOYItqkD30kR","4894htPwC6zoiuTqUQwn4I"
"207","Maroon",0.65,0.404,-8.403,0.0356,0.0616,0,0.104,0.0379,108.03,4,218270,FALSE,"G","major","G major","Midnights",2022-10-21,"09T4f2HgIJY1Ia6FRjzTk3","4894htPwC6zoiuTqUQwn4I"
"208","Anti-Hero",0.638,0.624,-6.577,0.0441,0.131,3.32e-06,0.15,0.474,96.889,4,200690,FALSE,"C#","minor","C# minor","Midnights",2022-10-21,"5ScZrVCMGSo7HbzTfJJaht","4894htPwC6zoiuTqUQwn4I"
"209","Snow On The Beach (feat. Lana Del Rey)",0.65,0.325,-13.483,0.0399,0.686,0.00144,0.137,0.172,109.947,4,256124,FALSE,"A","major","A major","Midnights",2022-10-21,"3A6QF5UMok0qq7gLKAmT9g","4894htPwC6zoiuTqUQwn4I"
"210","You're On Your Own, Kid",0.693,0.387,-10.304,0.0663,0.392,9.11e-06,0.124,0.364,120.045,4,194206,FALSE,"D","major","D major","Midnights",2022-10-21,"5phOffUF55tovtQaz1alMo","4894htPwC6zoiuTqUQwn4I"
"211","Midnight Rain",0.629,0.385,-11.722,0.0749,0.712,5.19e-05,0.115,0.228,140.002,4,174782,FALSE,"C","major","C major","Midnights",2022-10-21,"5UWacUKRimvuHRIH0XgwAt","4894htPwC6zoiuTqUQwn4I"
"212","Question...?",0.722,0.494,-8.691,0.204,0.216,0,0.226,0.131,108.94,4,210556,FALSE,"G","major","G major","Midnights",2022-10-21,"4sC589n5FFW9jHOSUxnkd6","4894htPwC6zoiuTqUQwn4I"
"213","Vigilante Shit",0.875,0.286,-10.943,0.361,0.163,4.23e-05,0.127,0.155,79.97,4,164801,FALSE,"A","major","A major","Midnights",2022-10-21,"5dvjl2nhzcLM6NXzkpKDiL","4894htPwC6zoiuTqUQwn4I"
"214","Bejeweled",0.693,0.543,-9.153,0.0677,0.0635,5.12e-05,0.0839,0.4,164.027,4,194165,FALSE,"G","major","G major","Midnights",2022-10-21,"5Xv1T61pCSa1tFhcj3XVXe","4894htPwC6zoiuTqUQwn4I"
"215","Labyrinth",0.475,0.309,-15.412,0.0423,0.784,0.465,0.123,0.143,109.967,4,247962,FALSE,"C","major","C major","Midnights",2022-10-21,"4vqFHZjXf66USVlJ16utFN","4894htPwC6zoiuTqUQwn4I"
"216","Karma",0.654,0.638,-7.084,0.075,0.0727,0,0.497,0.0941,90.007,4,204852,FALSE,"G#","major","G# major","Midnights",2022-10-21,"5GjkD2Xujig8TPty57wfsS","4894htPwC6zoiuTqUQwn4I"
"217","Sweet Nothing",0.435,0.163,-14.889,0.0509,0.967,5.79e-05,0.115,0.392,117.747,4,188496,FALSE,"C","major","C major","Midnights",2022-10-21,"3G7anCyYYjbXGtrAqdwUka","4894htPwC6zoiuTqUQwn4I"
"218","Mastermind",0.656,0.341,-14.088,0.157,0.561,0.00111,0.0871,0.143,125.984,4,191039,FALSE,"E","major","E major","Midnights",2022-10-21,"6pXGAXMfoi7q7sek9uCFSL","4894htPwC6zoiuTqUQwn4I"
"219","The Great War",0.57,0.739,-9.013,0.0358,0.213,1.78e-05,0.0937,0.593,96.025,4,240355,FALSE,"F","major","F major","Midnights",2022-10-21,"5BYl3SodS3rGmafWXRWmB7","4894htPwC6zoiuTqUQwn4I"
"220","Bigger Than The Whole Sky",0.395,0.226,-12.511,0.0518,0.829,0.00322,0.115,0.0656,165.523,4,218502,FALSE,"F#","major","F# major","Midnights",2022-10-21,"3jzbpOzoYa22FvzBkNkLvC","4894htPwC6zoiuTqUQwn4I"
"221","Paris",0.696,0.485,-10.573,0.123,0.103,6.69e-05,0.136,0.339,110.962,4,196258,FALSE,"G","major","G major","Midnights",2022-10-21,"6J834IBcZJMH38ksrgAqwF","4894htPwC6zoiuTqUQwn4I"
"222","High Infidelity",0.652,0.536,-10.211,0.0881,0.712,0,0.0854,0.758,87.963,4,231475,FALSE,"A#","major","A# major","Midnights",2022-10-21,"4356PL6jkERzJouVfQQkZo","4894htPwC6zoiuTqUQwn4I"
"223","Glitch",0.571,0.477,-9.737,0.246,0.313,0,0.11,0.331,140.734,4,148781,FALSE,"B","minor","B minor","Midnights",2022-10-21,"6RJBrG3VHz2hPITjv88chh","4894htPwC6zoiuTqUQwn4I"
"224","Would've, Could've, Should've",0.488,0.832,-6.508,0.114,0.424,0.00288,0.139,0.554,157.984,4,260361,FALSE,"C","major","C major","Midnights",2022-10-21,"3pUa0ZxdSeaJXm0EIydD3F","4894htPwC6zoiuTqUQwn4I"
"225","Dear Reader",0.681,0.396,-12.109,0.0487,0.487,0.00138,0.117,0.157,107.954,4,225194,FALSE,"C","major","C major","Midnights",2022-10-21,"7lFNXsbcbds699xCWO3pSe","4894htPwC6zoiuTqUQwn4I"
