"","track_name","danceability","energy","loudness","speechiness","acousticness","instrumentalness","liveness","valence","tempo","time_signature","duration_ms","explicit","key_name","mode_name","key_mode","album_name","album_release_date","track_id","album_id"
"1","Tim McGraw",0.58,0.491,-6.462,0.0251,0.575,0,0.121,0.425,76.009,4,232106,FALSE,"C","major","C major","Taylor Swift","2006-10-24","0Om9WAB5RS09L80DyOfTNa","7mzrIsaAjnXihW3InKjlC3"
"2","Picture To Burn",0.658,0.877,-2.098,0.0323,0.173,0,0.0962,0.821,105.586,4,173066,FALSE,"G","major","G major","Taylor Swift","2006-10-24","32mVHdy0bi1XKgr0ajsBlG","7mzrIsaAjnXihW3InKjlC3"
"3","Teardrops On My Guitar",0.621,0.417,-6.941,0.0231,0.288,0,0.119,0.289,99.953,4,203040,FALSE,"A#","major","A# major","Taylor Swift","2006-10-24","7zMcNqs55Mxer82bvZFkpg","7mzrIsaAjnXihW3InKjlC3"
"4","A Place in this World",0.576,0.777,-2.881,0.0324,0.051,0,0.32,0.428,115.028,4,199200,FALSE,"A","major","A major","Taylor Swift","2006-10-24","73OX8GdpOeGzKC6OvGSbsv","7mzrIsaAjnXihW3InKjlC3"
"5","Cold As You",0.418,0.482,-5.769,0.0266,0.217,0,0.123,0.261,175.558,4,239013,FALSE,"F","major","F major","Taylor Swift","2006-10-24","7an1exwMnfYRcdVQm0yDev","7mzrIsaAjnXihW3InKjlC3"
"6","The Outside",0.589,0.805,-4.055,0.0293,0.00491,0,0.24,0.591,112.982,4,207106,FALSE,"F","major","F major","Taylor Swift","2006-10-24","2QA3IixpRcKyOdG7XDzRgv","7mzrIsaAjnXihW3InKjlC3"
"7","Tied Together with a Smile",0.479,0.578,-4.963,0.0294,0.525,0,0.0841,0.192,146.165,4,248106,FALSE,"D","major","D major","Taylor Swift","2006-10-24","6K0CJLVXqbGMeJSmJ4ENKK","7mzrIsaAjnXihW3InKjlC3"
"8","Stay Beautiful",0.594,0.629,-4.919,0.0246,0.0868,0,0.137,0.504,131.597,4,236053,FALSE,"G#","major","G# major","Taylor Swift","2006-10-24","2ZoOmCSgj0ypVAmGd1ve4y","7mzrIsaAjnXihW3InKjlC3"
"9","Should've Said No",0.476,0.777,-3.771,0.0289,0.0103,0,0.196,0.472,167.964,4,242200,FALSE,"E","minor","E minor","Taylor Swift","2006-10-24","16MVSD0mGI4RMQT83Qzm69","7mzrIsaAjnXihW3InKjlC3"
"10","Mary's Song (Oh My My My)",0.403,0.627,-5.28,0.0292,0.0177,0,0.182,0.374,74.9,4,213080,FALSE,"D","major","D major","Taylor Swift","2006-10-24","2QrQCMel6v2JiLxqrg4p2O","7mzrIsaAjnXihW3InKjlC3"
"11","Our Song",0.668,0.672,-4.931,0.0303,0.111,0,0.329,0.539,89.011,4,201106,FALSE,"D","major","D major","Taylor Swift","2006-10-24","15DeqWWQB4dcEWzJg15VrN","7mzrIsaAjnXihW3InKjlC3"
"12","I'm Only Me When I'm With You",0.563,0.934,-3.629,0.0646,0.00452,0.000807,0.103,0.518,143.964,4,213053,FALSE,"G#","major","G# major","Taylor Swift","2006-10-24","0JIdBrXGSJXS72zjF9ss9u","7mzrIsaAjnXihW3InKjlC3"
"13","Invisible",0.612,0.394,-5.723,0.0243,0.637,0,0.147,0.233,96.001,4,203226,FALSE,"G","major","G major","Taylor Swift","2006-10-24","5OOd01o2YS1QFwdpVLds3r","7mzrIsaAjnXihW3InKjlC3"
"14","A Perfectly Good Heart",0.483,0.751,-5.726,0.0365,0.00349,0,0.128,0.268,156.092,4,220146,FALSE,"E","major","E major","Taylor Swift","2006-10-24","1spLfUJxtyVyiKKTegQ2r4","7mzrIsaAjnXihW3InKjlC3"
"15","...Ready For It?",0.613,0.764,-6.509,0.136,0.0527,0,0.197,0.417,160.015,4,208186,FALSE,"D","major","D major","reputation","2017-11-10","2yLa0QULdQr0qAIvVwN6B5","6DEjYFkNZh67HP7R9PSZvv"
"16","End Game",0.649,0.589,-6.237,0.0558,0.00845,0,0.108,0.151,159.073,4,244826,FALSE,"D","major","D major","reputation","2017-11-10","2x0WlnmfG39ZuDmstl9xfX","6DEjYFkNZh67HP7R9PSZvv"
"17","I Did Something Bad",0.696,0.602,-6.156,0.159,0.0679,2.11e-05,0.0696,0.305,82.989,4,238253,FALSE,"C","minor","C minor","reputation","2017-11-10","4svZDCRz4cJoneBpjpx8DJ","6DEjYFkNZh67HP7R9PSZvv"
"18","Don’t Blame Me",0.615,0.534,-6.719,0.0386,0.106,1.76e-05,0.0607,0.193,135.917,4,236413,FALSE,"A","minor","A minor","reputation","2017-11-10","1R0a2iXumgCiFb7HEZ7gUE","6DEjYFkNZh67HP7R9PSZvv"
"19","Delicate",0.75,0.404,-10.178,0.0682,0.216,0.000357,0.0911,0.0499,95.045,4,232253,FALSE,"A","minor","A minor","reputation","2017-11-10","6NFyWDv5CjfwuzoCkw47Xf","6DEjYFkNZh67HP7R9PSZvv"
"20","Look What You Made Me Do",0.766,0.709,-6.471,0.123,0.204,1.41e-05,0.126,0.506,128.07,4,211853,FALSE,"A","minor","A minor","reputation","2017-11-10","1P17dC1amhFzptugyAO7Il","6DEjYFkNZh67HP7R9PSZvv"
"21","So It Goes...",0.574,0.61,-7.283,0.0732,0.122,1.1e-06,0.13,0.374,74.957,4,227906,FALSE,"D","major","D major","reputation","2017-11-10","5PxFv9yJEg9dxvbZggykro","6DEjYFkNZh67HP7R9PSZvv"
"22","Gorgeous",0.8,0.535,-6.684,0.135,0.0713,9.48e-06,0.213,0.451,92.027,4,209680,FALSE,"G","major","G major","reputation","2017-11-10","1ZY1PqizIl78geGM4xWlEA","6DEjYFkNZh67HP7R9PSZvv"
"23","Getaway Car",0.562,0.689,-6.745,0.127,0.00465,2.23e-06,0.0888,0.351,172.054,4,233626,FALSE,"D","major","D major","reputation","2017-11-10","0VE4kBnHJUgtMf0dy6DRmW","6DEjYFkNZh67HP7R9PSZvv"
"24","King Of My Heart",0.675,0.703,-7.902,0.0382,0.00882,2.21e-06,0.0391,0.314,110.01,4,214320,FALSE,"C","major","C major","reputation","2017-11-10","7HuBDWi18s4aJM8UFnNheH","6DEjYFkNZh67HP7R9PSZvv"
"25","Dancing With Our Hands Tied",0.624,0.691,-6.686,0.196,0.0604,1.1e-05,0.138,0.284,160.024,4,211506,FALSE,"C","minor","C minor","reputation","2017-11-10","7I7JbDv63ZJJsSi24DyJrz","6DEjYFkNZh67HP7R9PSZvv"
"26","Dress",0.719,0.469,-8.792,0.0533,0.0329,0,0.169,0.0851,120.085,4,230373,FALSE,"C","major","C major","reputation","2017-11-10","6oVxXO5oQ4pTpO8RSnkzvv","6DEjYFkNZh67HP7R9PSZvv"
"27","This Is Why We Can't Have Nice Things",0.567,0.789,-5.986,0.115,0.0156,0,0.382,0.438,163.96,4,207133,FALSE,"F","major","F major","reputation","2017-11-10","07NxDD1iKCHbAldceD7QLP","6DEjYFkNZh67HP7R9PSZvv"
"28","Call It What You Want",0.598,0.504,-9.874,0.0731,0.186,0.000221,0.34,0.252,163.954,4,203506,FALSE,"A","major","A major","reputation","2017-11-10","1GwMQaZz6Au3QLDbjbMdme","6DEjYFkNZh67HP7R9PSZvv"
"29","New Year’s Day",0.661,0.151,-12.864,0.0354,0.921,0,0.13,0.23,94.922,4,235466,FALSE,"C","major","C major","reputation","2017-11-10","7F5oktn5YOsR9eR5YsFtqb","6DEjYFkNZh67HP7R9PSZvv"
"30","I Forgot That You Existed",0.664,0.316,-10.345,0.519,0.298,2.03e-06,0.0812,0.541,92.875,4,170640,FALSE,"F","major","F major","Lover","2019-08-23","43rA71bccXFGD4C8GOpIlN","1NAmidJlEaVgA3MpcPFYGq"
"31","Cruel Summer",0.552,0.702,-5.707,0.157,0.117,2.06e-05,0.105,0.564,169.994,4,178426,FALSE,"A","major","A major","Lover","2019-08-23","1BxfuPKGuaTgP7aM0Bbdwr","1NAmidJlEaVgA3MpcPFYGq"
"32","Lover",0.359,0.543,-7.582,0.0919,0.492,1.58e-05,0.118,0.453,68.534,4,221306,FALSE,"G","major","G major","Lover","2019-08-23","1dGr1c8CrMLDpV6mPbImSI","1NAmidJlEaVgA3MpcPFYGq"
"33","The Man",0.777,0.658,-5.191,0.054,0.0767,0,0.0901,0.633,110.048,4,190360,FALSE,"C","major","C major","Lover","2019-08-23","3RauEVgRgj1IuWdJ9fDs70","1NAmidJlEaVgA3MpcPFYGq"
"34","The Archer",0.292,0.574,-9.375,0.0401,0.12,0.00569,0.0663,0.166,124.344,4,211240,FALSE,"C","major","C major","Lover","2019-08-23","3pHkh7d0lzM2AldUtz2x37","1NAmidJlEaVgA3MpcPFYGq"
"35","I Think He Knows",0.897,0.366,-8.029,0.0569,0.00889,0.000353,0.0715,0.416,100.003,4,173386,FALSE,"C","major","C major","Lover","2019-08-23","2YWtcWi3a83pdEg3Gif4Pd","1NAmidJlEaVgA3MpcPFYGq"
"36","Miss Americana & The Heartbreak Prince",0.662,0.747,-6.926,0.0736,0.028,0.00615,0.138,0.487,150.088,4,234146,FALSE,"B","minor","B minor","Lover","2019-08-23","214nt20w5wOxJnY462klLw","1NAmidJlEaVgA3MpcPFYGq"
"37","Paper Rings",0.811,0.719,-6.553,0.0497,0.0129,1.36e-05,0.0742,0.865,103.979,4,222400,FALSE,"A","major","A major","Lover","2019-08-23","4y5bvROuBDPr5fuwXbIBZR","1NAmidJlEaVgA3MpcPFYGq"
"38","Cornelia Street",0.824,0.624,-9.728,0.0827,0.781,0.000189,0.1,0.248,102.012,4,287266,FALSE,"C","major","C major","Lover","2019-08-23","12M5uqx0ZuwkpLp5rJim1a","1NAmidJlEaVgA3MpcPFYGq"
"39","Death By A Thousand Cuts",0.712,0.732,-6.754,0.0629,0.454,0,0.319,0.313,94.071,4,198533,FALSE,"E","major","E major","Lover","2019-08-23","2dgFqt3w9xIQRjhPtwNk3D","1NAmidJlEaVgA3MpcPFYGq"
"40","London Boy",0.695,0.71,-6.639,0.05,0.0246,0.000104,0.133,0.557,157.925,4,190240,FALSE,"C#","major","C# major","Lover","2019-08-23","1LLXZFeAHK9R4xUramtUKw","1NAmidJlEaVgA3MpcPFYGq"
"41","Soon You’ll Get Better (feat. The Chicks)",0.433,0.182,-12.566,0.0641,0.907,0,0.123,0.421,207.476,4,201586,FALSE,"C","major","C major","Lover","2019-08-23","4AYtqFyFbX0Xkc2wtcygTr","1NAmidJlEaVgA3MpcPFYGq"
"42","False God",0.739,0.32,-10.862,0.239,0.736,0.000147,0.111,0.351,79.97,4,200306,FALSE,"B","minor","B minor","Lover","2019-08-23","5hQSXkFgbxjZo9uCwd11so","1NAmidJlEaVgA3MpcPFYGq"
"43","You Need To Calm Down",0.771,0.671,-5.617,0.0553,0.00929,0,0.0637,0.714,85.026,4,171360,FALSE,"D","major","D major","Lover","2019-08-23","6RRNNciQGZEXnqk8SQ9yv5","1NAmidJlEaVgA3MpcPFYGq"
"44","Afterglow",0.756,0.449,-8.746,0.0344,0.13,0,0.114,0.399,111.011,4,223293,FALSE,"A","major","A major","Lover","2019-08-23","1SymEzIT3H8UZfibCs3TYi","1NAmidJlEaVgA3MpcPFYGq"
"45","ME! (feat. Brendon Urie of Panic! At The Disco)",0.61,0.83,-4.105,0.0571,0.033,0,0.118,0.728,182.162,4,193000,FALSE,"C","major","C major","Lover","2019-08-23","2Rk4JlNc2TPmZe2af99d45","1NAmidJlEaVgA3MpcPFYGq"
"46","It’s Nice To Have A Friend",0.737,0.175,-9.912,0.0401,0.971,0.000337,0.171,0.545,70.008,4,150440,FALSE,"A#","major","A# major","Lover","2019-08-23","1SmiQ65iSAbPto6gPFlBYm","1NAmidJlEaVgA3MpcPFYGq"
"47","Daylight",0.557,0.496,-9.602,0.0563,0.808,0.000173,0.0772,0.265,149.983,4,293453,FALSE,"C","major","C major","Lover","2019-08-23","1fzAuUVbzlhZ1lJAx9PtY6","1NAmidJlEaVgA3MpcPFYGq"
"48","the 1",0.78,0.361,-6.942,0.048,0.75,7.14e-06,0.108,0.163,139.902,4,210240,TRUE,"C","major","C major","folklore","2020-08-18","4pfrrhvplbJZAIsfosGWQP","1pzvBxYgT6OVwJLtHkrdQK"
"49","cardigan",0.612,0.58,-8.572,0.0419,0.525,0.000414,0.26,0.534,130.045,4,239560,FALSE,"C","minor","C minor","folklore","2020-08-18","0KRYCBwIpWYFNrXOmXbyUh","1pzvBxYgT6OVwJLtHkrdQK"
"50","the last great american dynasty",0.688,0.653,-8.558,0.0403,0.481,0.00414,0.106,0.701,147.991,4,231000,TRUE,"G","major","G major","folklore","2020-08-18","2olxzvoFI9IpxqFeUv7WOX","1pzvBxYgT6OVwJLtHkrdQK"
"51","exile (feat. Bon Iver)",0.31,0.374,-8.464,0.0275,0.761,2.46e-05,0.11,0.16,75.938,4,285640,FALSE,"F#","major","F# major","folklore","2020-08-18","5S4aYQAJOwJMAamANWlICO","1pzvBxYgT6OVwJLtHkrdQK"
"52","my tears ricochet",0.456,0.265,-10.663,0.0328,0.814,0,0.0679,0.112,129.947,4,255893,FALSE,"C","major","C major","folklore","2020-08-18","5P2bHCDM2tsgIaYWsZMhu5","1pzvBxYgT6OVwJLtHkrdQK"
"53","mirrorball",0.549,0.417,-10.064,0.035,0.686,1.9e-06,0.0604,0.347,110.137,4,208973,FALSE,"G","major","G major","folklore","2020-08-18","2I8YAEA1VmCuP1wkJHMpTw","1pzvBxYgT6OVwJLtHkrdQK"
"54","seven",0.602,0.494,-10.813,0.0277,0.888,2.59e-05,0.0902,0.374,94.955,4,208906,FALSE,"E","major","E major","folklore","2020-08-18","76mOLcXOjOEhyY4mMF1l3r","1pzvBxYgT6OVwJLtHkrdQK"
"55","august",0.387,0.634,-9.222,0.0363,0.553,6.93e-05,0.0931,0.42,89.567,4,261920,FALSE,"F","major","F major","folklore","2020-08-18","6nK2pIKFcRc5frrZKHgsiT","1pzvBxYgT6OVwJLtHkrdQK"
"56","this is me trying",0.511,0.478,-9.837,0.0322,0.312,2.3e-05,0.147,0.408,135.882,4,195106,FALSE,"A","major","A major","folklore","2020-08-18","7cm50Lw03k6VvRauJtkyTj","1pzvBxYgT6OVwJLtHkrdQK"
"57","illicit affairs",0.529,0.304,-10.567,0.0356,0.862,0,0.108,0.44,119.58,4,190893,FALSE,"A#","major","A# major","folklore","2020-08-18","6DrLROM5MG9bxWHeEG5elq","1pzvBxYgT6OVwJLtHkrdQK"
"58","invisible string",0.651,0.459,-11.128,0.0507,0.859,6.63e-05,0.105,0.454,83.455,4,252880,FALSE,"E","minor","E minor","folklore","2020-08-18","2ehRU518I0hYqMGQnk4lDY","1pzvBxYgT6OVwJLtHkrdQK"
"59","mad woman",0.593,0.7,-9.016,0.0492,0.67,6.77e-06,0.116,0.451,141.898,4,237266,TRUE,"D#","major","D# major","folklore","2020-08-18","0RP1kqoSPkVXsKiQNhMKzV","1pzvBxYgT6OVwJLtHkrdQK"
"60","epiphany",0.317,0.254,-13.679,0.0286,0.727,0.000326,0.0867,0.103,93.933,4,289746,FALSE,"C#","major","C# major","folklore","2020-08-18","1EXa37LpSvi3OQ9UYQ28rD","1pzvBxYgT6OVwJLtHkrdQK"
"61","betty",0.595,0.376,-8.767,0.0256,0.589,0,0.0989,0.476,95.946,4,294520,TRUE,"C","major","C major","folklore","2020-08-18","3IhtE4fkytdrtEfV34UzkD","1pzvBxYgT6OVwJLtHkrdQK"
"62","peace",0.644,0.284,-12.879,0.0821,0.916,1.5e-05,0.0909,0.328,150.072,4,234000,TRUE,"F","major","F major","folklore","2020-08-18","6JlI8Ay77m4nJvZTHvfT1J","1pzvBxYgT6OVwJLtHkrdQK"
"63","hoax",0.676,0.178,-15.01,0.0394,0.964,7.9e-06,0.135,0.404,118.84,4,220040,FALSE,"G#","major","G# major","folklore","2020-08-18","0YeDG5HnKnG7jpArkzsSPa","1pzvBxYgT6OVwJLtHkrdQK"
"64","the lakes - bonus track",0.313,0.258,-11.532,0.0383,0.842,1.3e-06,0.0948,0.268,179.947,4,211813,FALSE,"D","major","D major","folklore","2020-08-18","0eFQWVz0qIxDOvhLpZ40P7","1pzvBxYgT6OVwJLtHkrdQK"
"65","willow",0.392,0.574,-9.195,0.17,0.833,0.00179,0.145,0.529,81.112,4,214706,FALSE,"G","major","G major","evermore","2021-01-07","2gVhfX2Gy1T9kDuS9azrF7","6AORtDjduMM3bupSWzbTSG"
"66","champagne problems",0.462,0.24,-12.077,0.0377,0.92,0,0.113,0.32,171.319,4,244000,TRUE,"C","major","C major","evermore","2021-01-07","1gcyHQpBQ1lfXGdhZmWrHP","6AORtDjduMM3bupSWzbTSG"
"67","gold rush",0.512,0.462,-10.491,0.0408,0.83,0.166,0.121,0.353,112.05,4,185320,TRUE,"A","major","A major","evermore","2021-01-07","3Dby3p1m6IOZn2gIIqECgK","6AORtDjduMM3bupSWzbTSG"
"68","‘tis the damn season",0.575,0.434,-8.193,0.0312,0.735,6.59e-05,0.105,0.348,145.916,4,229840,FALSE,"F","major","F major","evermore","2021-01-07","6sQckd3Z8NPxVVKUnavY1F","6AORtDjduMM3bupSWzbTSG"
"69","tolerate it",0.316,0.361,-10.381,0.0488,0.878,2.67e-05,0.0797,0.221,74.952,5,245440,TRUE,"A","major","A major","evermore","2021-01-07","6lCvK2AR2uOKkVFCVlAzzm","6AORtDjduMM3bupSWzbTSG"
"70","no body, no crime (feat. HAIM)",0.546,0.613,-7.589,0.0264,0.418,0,0.103,0.535,79.015,4,215626,FALSE,"G","minor","G minor","evermore","2021-01-07","6uwfVkaOM1mcMkFmSn35ix","6AORtDjduMM3bupSWzbTSG"
"71","happiness",0.559,0.334,-10.733,0.0376,0.87,0,0.114,0.211,122.079,4,315146,TRUE,"B","major","B major","evermore","2021-01-07","55Vf4bimc1Rtfg0PAQRAo2","6AORtDjduMM3bupSWzbTSG"
"72","dorothea",0.605,0.488,-8.322,0.0264,0.696,0,0.129,0.354,119.966,4,225880,FALSE,"E","major","E major","evermore","2021-01-07","66tOfHVH3aUrscg8vExRV4","6AORtDjduMM3bupSWzbTSG"
"73","coney island (feat. The National)",0.537,0.537,-11.266,0.0617,0.819,0.000904,0.142,0.292,107.895,4,275320,FALSE,"G#","major","G# major","evermore","2021-01-07","2awNGIJHodfLZSClB3PYhz","6AORtDjduMM3bupSWzbTSG"
"74","ivy",0.515,0.545,-9.277,0.0353,0.855,1.97e-05,0.0921,0.535,88.856,4,260440,TRUE,"D","major","D major","evermore","2021-01-07","43Ykum9T72UOPhBN31grpN","6AORtDjduMM3bupSWzbTSG"
"75","cowboy like me",0.604,0.517,-9.014,0.0347,0.768,0.000155,0.123,0.511,127.967,4,275040,TRUE,"C","major","C major","evermore","2021-01-07","52OkpDsU6MmPx1AwGOb6Ap","6AORtDjduMM3bupSWzbTSG"
"76","long story short",0.546,0.73,-7.704,0.0417,0.66,0.179,0.0972,0.573,157.895,4,215920,FALSE,"C","major","C major","evermore","2021-01-07","5VYWxXUpxuxEmCqMLDqICo","6AORtDjduMM3bupSWzbTSG"
"77","marjorie",0.535,0.561,-11.609,0.0484,0.876,0.000136,0.115,0.287,96.103,4,257773,FALSE,"F","major","F major","evermore","2021-01-07","5uICWmZTLkpEVbK22PBP6e","6AORtDjduMM3bupSWzbTSG"
"78","closure",0.689,0.704,-10.813,0.245,0.835,4.83e-06,0.134,0.92,151.884,5,180653,FALSE,"A","major","A major","evermore","2021-01-07","6a8aUhYbaQBUI8PcJ5ZmQ6","6AORtDjduMM3bupSWzbTSG"
"79","evermore (feat. Bon Iver)",0.39,0.27,-10.673,0.0308,0.937,0.00227,0.111,0.32,125.177,5,304106,FALSE,"C#","major","C# major","evermore","2021-01-07","6Wlq9rqkxrqj5Kls4Kw14H","6AORtDjduMM3bupSWzbTSG"
"80","right where you left me - bonus track",0.581,0.619,-6.524,0.0282,0.769,0.000106,0.117,0.645,137.915,4,245026,FALSE,"A#","major","A# major","evermore","2021-01-07","3zwMVvkBe2qIKDObWgXw4N","6AORtDjduMM3bupSWzbTSG"
"81","it’s time to go - bonus track",0.592,0.41,-12.426,0.0397,0.801,1.39e-05,0.09,0.416,151.923,4,254640,FALSE,"C","major","C major","evermore","2021-01-07","1kdWw77ZpYOkhxeuhzU1j6","6AORtDjduMM3bupSWzbTSG"
"82","Fearless (Taylor’s Version)",0.569,0.741,-4.963,0.0282,0.0122,0,0.333,0.43,100.118,4,241591,FALSE,"F","major","F major","Fearless (Taylor's Version)","2021-04-09","77sMIMlNaSURUAXq5coCxE","4hDok0OAJd57SGIT8xuWJH"
"83","Fifteen (Taylor’s Version)",0.559,0.646,-4.61,0.0272,0.116,0,0.32,0.289,95.466,4,294419,FALSE,"G","major","G major","Fearless (Taylor's Version)","2021-04-09","2nqio0SfWg6gh2eCtfuMa5","4hDok0OAJd57SGIT8xuWJH"
"84","Love Story (Taylor’s Version)",0.627,0.792,-4.311,0.031,0.13,3.97e-06,0.0845,0.415,119.054,4,235766,FALSE,"D","major","D major","Fearless (Taylor's Version)","2021-04-09","6YvqWjhGD8mB5QXcbcUKtx","4hDok0OAJd57SGIT8xuWJH"
"85","Hey Stephen (Taylor’s Version)",0.788,0.571,-6.135,0.0296,0.106,0,0.0934,0.797,115.99,4,254254,FALSE,"F#","major","F# major","Fearless (Taylor's Version)","2021-04-09","550erGcdD9n6PnwxrvYqZT","4hDok0OAJd57SGIT8xuWJH"
"86","White Horse (Taylor’s Version)",0.423,0.517,-7.377,0.0486,0.369,0,0.177,0.366,185.262,4,234515,FALSE,"C","major","C major","Fearless (Taylor's Version)","2021-04-09","5YL553x8sHderRBDlm3NM3","4hDok0OAJd57SGIT8xuWJH"
"87","You Belong With Me (Taylor’s Version)",0.632,0.773,-4.856,0.0346,0.0623,0,0.0885,0.474,130.033,4,231124,FALSE,"F#","major","F# major","Fearless (Taylor's Version)","2021-04-09","1qrpoAMXodY6895hGKoUpA","4hDok0OAJd57SGIT8xuWJH"
"88","Breathe (feat. Colbie Caillat) (Taylor’s Version)",0.506,0.626,-6.066,0.0287,0.156,0,0.228,0.321,148.035,4,263377,FALSE,"C#","major","C# major","Fearless (Taylor's Version)","2021-04-09","7HC7R2D8WjXVcUHJyEGjRs","4hDok0OAJd57SGIT8xuWJH"
"89","Tell Me Why (Taylor’s Version)",0.578,0.909,-3.669,0.0628,0.0222,0,0.333,0.541,100.023,4,200575,FALSE,"G","major","G major","Fearless (Taylor's Version)","2021-04-09","0k0vFacOHNuArLWMiH60p7","4hDok0OAJd57SGIT8xuWJH"
"90","You’re Not Sorry (Taylor’s Version)",0.506,0.444,-4.99,0.0285,0.0538,0,0.123,0.241,133.873,4,261842,FALSE,"F#","major","F# major","Fearless (Taylor's Version)","2021-04-09","6iiAfo4wTA2CVC3Uwx9uh8","4hDok0OAJd57SGIT8xuWJH"
"91","The Way I Loved You (Taylor’s Version)",0.402,0.732,-4.665,0.0484,0.0033,0,0.108,0.472,161.032,4,243136,FALSE,"F","major","F major","Fearless (Taylor's Version)","2021-04-09","22bPsP2jCgbLUvh82U0Z3M","4hDok0OAJd57SGIT8xuWJH"
"92","Forever & Always (Taylor’s Version)",0.598,0.821,-4.433,0.0447,0.0231,0,0.143,0.673,128.03,4,225328,FALSE,"A#","major","A# major","Fearless (Taylor's Version)","2021-04-09","1msEuwSBneBKpVCZQcFTsU","4hDok0OAJd57SGIT8xuWJH"
"93","The Best Day (Taylor’s Version)",0.642,0.576,-8.524,0.0282,0.488,0,0.159,0.469,125,4,245290,FALSE,"C#","major","C# major","Fearless (Taylor's Version)","2021-04-09","6ON9UuIq49xXY9GPmHIYRp","4hDok0OAJd57SGIT8xuWJH"
"94","Change (Taylor’s Version)",0.499,0.815,-4.063,0.0341,0.000191,0,0.181,0.344,95.999,4,279359,FALSE,"F","major","F major","Fearless (Taylor's Version)","2021-04-09","3ExweHKZF9B752DPQByRVT","4hDok0OAJd57SGIT8xuWJH"
"95","Jump Then Fall (Taylor’s Version)",0.572,0.69,-6.201,0.0358,0.0474,0,0.0897,0.624,160.111,4,237580,FALSE,"D","major","D major","Fearless (Taylor's Version)","2021-04-09","2m3ObD945KvpE5y9A1eUWm","4hDok0OAJd57SGIT8xuWJH"
"96","Untouchable (Taylor’s Version)",0.393,0.531,-6.112,0.0329,0.0181,0,0.169,0.224,200.391,4,312107,FALSE,"F","major","F major","Fearless (Taylor's Version)","2021-04-09","0tQ9vBYpldCuikPsbgOVKA","4hDok0OAJd57SGIT8xuWJH"
"97","Come In With The Rain (Taylor’s Version)",0.476,0.564,-5.677,0.0269,0.0406,0,0.102,0.167,143.929,4,237338,FALSE,"D","major","D major","Fearless (Taylor's Version)","2021-04-09","1n2wszmJyVkw6FHqyLnQsY","4hDok0OAJd57SGIT8xuWJH"
"98","Superstar (Taylor’s Version)",0.454,0.555,-6.69,0.0283,0.157,0,0.343,0.171,171.862,4,263865,FALSE,"D","major","D major","Fearless (Taylor's Version)","2021-04-09","51A8eKvvZz9uydvIZ7xRSV","4hDok0OAJd57SGIT8xuWJH"
"99","The Other Side Of The Door (Taylor’s Version)",0.432,0.873,-4.367,0.0577,0.0279,0,0.167,0.629,163.936,4,238443,FALSE,"E","major","E major","Fearless (Taylor's Version)","2021-04-09","1cSFlSBdpT4F5vb1frQ231","4hDok0OAJd57SGIT8xuWJH"
"100","Today Was A Fairytale (Taylor’s Version)",0.482,0.779,-5.025,0.0409,0.0135,0,0.296,0.328,158.162,4,241822,FALSE,"G","major","G major","Fearless (Taylor's Version)","2021-04-09","2JoJrsEV15OzbijS47lids","4hDok0OAJd57SGIT8xuWJH"
"101","You All Over Me (feat. Maren Morris) (Taylor’s Version) (From The Vault)",0.599,0.494,-7.61,0.0372,0.816,0,0.101,0.44,142.893,4,220839,FALSE,"D","major","D major","Fearless (Taylor's Version)","2021-04-09","4CHpVfAhuxNJ3ibExe6kxO","4hDok0OAJd57SGIT8xuWJH"
"102","Mr. Perfectly Fine (Taylor’s Version) (From The Vault)",0.66,0.817,-6.269,0.0521,0.162,0,0.0667,0.714,135.942,4,277591,FALSE,"B","minor","B minor","Fearless (Taylor's Version)","2021-04-09","2CYVETnhM9aytqrazYYwrK","4hDok0OAJd57SGIT8xuWJH"
"103","We Were Happy (Taylor’s Version) (From The Vault)",0.609,0.373,-8.819,0.0263,0.849,0,0.0779,0.13,106.007,4,244236,FALSE,"C","major","C major","Fearless (Taylor's Version)","2021-04-09","34V9RiEPe8MNdU32qJsJa1","4hDok0OAJd57SGIT8xuWJH"
"104","That’s When (feat. Keith Urban) (Taylor’s Version) (From The Vault)",0.588,0.608,-7.062,0.0365,0.225,0,0.092,0.508,90.201,4,189495,FALSE,"F","major","F major","Fearless (Taylor's Version)","2021-04-09","7eResoqEJJAVTkQYSqvO3P","4hDok0OAJd57SGIT8xuWJH"
"105","Don’t You (Taylor’s Version) (From The Vault)",0.563,0.473,-11.548,0.0503,0.514,1.2e-05,0.109,0.405,101.934,4,208608,FALSE,"D#","major","D# major","Fearless (Taylor's Version)","2021-04-09","4uuEGH5SVuzkkSFjo2DEiY","4hDok0OAJd57SGIT8xuWJH"
"106","Bye Bye Baby (Taylor’s Version) (From The Vault)",0.624,0.624,-7.86,0.0539,0.334,0,0.0995,0.527,80.132,4,242157,FALSE,"F","major","F major","Fearless (Taylor's Version)","2021-04-09","4qUijfYU8EoIWiY6oSyrgT","4hDok0OAJd57SGIT8xuWJH"
"107","State Of Grace (Taylor's Version)",0.594,0.713,-5.314,0.0503,0.000328,0,0.114,0.328,129.958,4,295413,FALSE,"A","major","A major","Red (Taylor's Version)","2021-11-12","6lzc0Al0zfZOIFsFvBS1ki","6kZ42qRrzov54LcAk4onW9"
"108","Red (Taylor's Version)",0.516,0.777,-4.908,0.0375,0.00108,1.62e-06,0.0761,0.408,125.047,4,223093,FALSE,"C#","minor","C# minor","Red (Taylor's Version)","2021-11-12","4OAuvHryIVv4kMDNSLuPt6","6kZ42qRrzov54LcAk4onW9"
"109","Treacherous (Taylor's Version)",0.645,0.593,-6.506,0.0288,0.0344,0.000127,0.13,0.299,109.984,4,242720,FALSE,"D","major","D major","Red (Taylor's Version)","2021-11-12","3S7HNKPakdwNEBFIVTL6dZ","6kZ42qRrzov54LcAk4onW9"
"110","I Knew You Were Trouble (Taylor's Version)",0.584,0.557,-6.371,0.0342,0.0129,0,0.0576,0.767,154.008,4,219760,FALSE,"F#","major","F# major","Red (Taylor's Version)","2021-11-12","6AtZLIzUINvExIUy4QhdjP","6kZ42qRrzov54LcAk4onW9"
"111","All Too Well (Taylor's Version)",0.44,0.528,-7.809,0.0317,0.0171,0.00203,0.234,0.132,185.972,4,329160,FALSE,"C","major","C major","Red (Taylor's Version)","2021-11-12","3nsfB1vus2qaloUdcBZvDu","6kZ42qRrzov54LcAk4onW9"
"112","22 (Taylor's Version)",0.642,0.695,-5.62,0.0281,0.000443,1.02e-05,0.0753,0.642,103.984,4,230960,FALSE,"G","major","G major","Red (Taylor's Version)","2021-11-12","3yII7UwgLF6K5zW3xad3MP","6kZ42qRrzov54LcAk4onW9"
"113","I Almost Do (Taylor's Version)",0.511,0.559,-6.587,0.0264,0.0167,0,0.113,0.248,145.88,4,244586,FALSE,"E","major","E major","Red (Taylor's Version)","2021-11-12","2r9CbjYgFhtAmcFv1cSquB","6kZ42qRrzov54LcAk4onW9"
"114","We Are Never Ever Getting Back Together (Taylor's Version)",0.567,0.686,-6.139,0.175,0.0317,1.86e-06,0.0732,0.716,172.014,4,193146,FALSE,"G","major","G major","Red (Taylor's Version)","2021-11-12","5YqltLsjdqFtvqE7Nrysvs","6kZ42qRrzov54LcAk4onW9"
"115","Stay Stay Stay (Taylor's Version)",0.693,0.681,-7.039,0.025,0.0848,0,0.0768,0.663,100.02,4,205786,FALSE,"C","major","C major","Red (Taylor's Version)","2021-11-12","7eQj6r5PIdYKEIZjucBMcq","6kZ42qRrzov54LcAk4onW9"
"116","The Last Time (feat. Gary Lightbody of Snow Patrol) (Taylor’s Version)",0.502,0.534,-5.954,0.0278,0.0399,0,0.0977,0.155,94.05,4,299080,FALSE,"D","major","D major","Red (Taylor's Version)","2021-11-12","0y6kdSRCVQhSsHSpWvTUm7","6kZ42qRrzov54LcAk4onW9"
"117","Holy Ground (Taylor's Version)",0.622,0.809,-5.623,0.0638,0.0288,0.00218,0.109,0.511,156.894,4,202960,FALSE,"A","major","A major","Red (Taylor's Version)","2021-11-12","7J4b3LVCIGO4CMBDFLPoP6","6kZ42qRrzov54LcAk4onW9"
"118","Sad Beautiful Tragic (Taylor's Version)",0.601,0.406,-11.827,0.0275,0.622,9.19e-05,0.133,0.232,130.059,3,284773,FALSE,"G","major","G major","Red (Taylor's Version)","2021-11-12","73qMN9bXy7MSPwwGfH3wQr","6kZ42qRrzov54LcAk4onW9"
"119","The Lucky One (Taylor's Version)",0.686,0.571,-7.138,0.05,0.066,0,0.0608,0.538,117.889,4,240466,FALSE,"E","major","E major","Red (Taylor's Version)","2021-11-12","4e5ayHsOLJNLTGfjau2mEw","6kZ42qRrzov54LcAk4onW9"
"120","Everything Has Changed (feat. Ed Sheeran) (Taylor’s Version)",0.498,0.61,-5.098,0.0363,0.271,0,0.223,0.474,79.918,4,245426,FALSE,"F#","major","F# major","Red (Taylor's Version)","2021-11-12","7qEUFOVcxRI19tbT68JcYK","6kZ42qRrzov54LcAk4onW9"
"121","Starlight (Taylor's Version)",0.628,0.685,-5.864,0.0358,0.00324,0,0.18,0.605,126.014,4,220413,FALSE,"E","major","E major","Red (Taylor's Version)","2021-11-12","7A2cNLRT0YJc1yjxHlKihs","6kZ42qRrzov54LcAk4onW9"
"122","Begin Again (Taylor's Version)",0.519,0.527,-7.673,0.0274,0.075,0,0.132,0.267,78.915,4,238866,FALSE,"G","major","G major","Red (Taylor's Version)","2021-11-12","05GsNucq8Bngd9fnd4fRa0","6kZ42qRrzov54LcAk4onW9"
"123","The Moment I Knew (Taylor's Version)",0.636,0.402,-7.855,0.031,0.0494,0,0.107,0.208,125.952,4,285280,FALSE,"G","major","G major","Red (Taylor's Version)","2021-11-12","0NRHj8hDwwmSPaA41o379r","6kZ42qRrzov54LcAk4onW9"
"124","Come Back...Be Here (Taylor's Version)",0.46,0.632,-6.031,0.0302,0.0158,0,0.0822,0.399,79.846,4,223333,FALSE,"E","major","E major","Red (Taylor's Version)","2021-11-12","4pNApnaUWAL2J4KO2eqokq","6kZ42qRrzov54LcAk4onW9"
"125","Girl At Home (Taylor's Version)",0.691,0.736,-6.974,0.0326,0.00955,1.88e-05,0.101,0.612,125.089,4,220520,FALSE,"F","major","F major","Red (Taylor's Version)","2021-11-12","0DMVrlMUn01M0IcpDbwgu7","6kZ42qRrzov54LcAk4onW9"
"126","Ronan (Taylor's Version)",0.623,0.279,-10.802,0.031,0.661,0,0.193,0.38,116.04,4,264253,FALSE,"C","major","C major","Red (Taylor's Version)","2021-11-12","7nWui6jiMM2m9qFmET1Mtj","6kZ42qRrzov54LcAk4onW9"
"127","Better Man (Taylor's Version) (From The Vault)",0.473,0.579,-5.824,0.0384,0.214,0,0.0877,0.255,73.942,4,297013,FALSE,"E","major","E major","Red (Taylor's Version)","2021-11-12","4OmFmE0fzcMG6g0Y8p4eSD","6kZ42qRrzov54LcAk4onW9"
"128","Nothing New (feat. Phoebe Bridgers) (Taylor’s Version) (From The Vault)",0.606,0.377,-9.455,0.0275,0.817,0,0.154,0.446,101.96,4,258812,FALSE,"C","major","C major","Red (Taylor's Version)","2021-11-12","01K4zKU104LyJ8gMb7227B","6kZ42qRrzov54LcAk4onW9"
"129","Babe (Taylor's Version) (From The Vault)",0.584,0.743,-7.075,0.0931,0.0538,2.83e-06,0.121,0.746,167.844,4,224240,FALSE,"E","major","E major","Red (Taylor's Version)","2021-11-12","0v4z1tuZvn6LGknom9Qx7d","6kZ42qRrzov54LcAk4onW9"
"130","Message In A Bottle (Taylor's Version) (From The Vault)",0.622,0.791,-6.106,0.0535,0.00188,3.72e-06,0.083,0.494,115.915,4,225960,FALSE,"G","major","G major","Red (Taylor's Version)","2021-11-12","3z6XUommYDWPHeFhmhhT6j","6kZ42qRrzov54LcAk4onW9"
"131","I Bet You Think About Me (feat. Chris Stapleton) (Taylor’s Version) (From The Vault)",0.391,0.715,-4.516,0.0495,0.167,0,0.183,0.473,149.654,3,285106,TRUE,"C","major","C major","Red (Taylor's Version)","2021-11-12","4CkgMiMqZ5JzW9iYXSTMTL","6kZ42qRrzov54LcAk4onW9"
"132","Forever Winter (Taylor's Version) (From The Vault)",0.611,0.552,-5.828,0.031,0.256,0,0.134,0.41,116.012,4,263533,FALSE,"G","major","G major","Red (Taylor's Version)","2021-11-12","3oGVx9RBmiYGv5ZCecWLkx","6kZ42qRrzov54LcAk4onW9"
"133","Run (feat. Ed Sheeran) (Taylor’s Version) (From The Vault)",0.61,0.488,-6.918,0.0293,0.817,0,0.312,0.443,125.039,4,240226,FALSE,"D#","major","D# major","Red (Taylor's Version)","2021-11-12","4IQkfUsrwXol38VV3U7t7T","6kZ42qRrzov54LcAk4onW9"
"134","The Very First Night (Taylor's Version) (From The Vault)",0.678,0.733,-5.025,0.0281,0.00115,0,0.104,0.581,121.009,4,200280,FALSE,"G","major","G major","Red (Taylor's Version)","2021-11-12","6pYNq0ZwpPVazKzsqpf0G8","6kZ42qRrzov54LcAk4onW9"
"135","All Too Well (10 Minute Version) (Taylor's Version) (From The Vault)",0.631,0.518,-8.771,0.0303,0.274,0,0.088,0.205,93.023,4,613026,TRUE,"C","major","C major","Red (Taylor's Version)","2021-11-12","5enxwA8aAbwZbf5qCHORXi","6kZ42qRrzov54LcAk4onW9"
"136","Lavender Haze",0.735,0.444,-10.519,0.0684,0.204,0.0012,0.17,0.0984,97.038,4,202395,TRUE,"A#","major","A# major","Midnights","2022-10-22","4g2c7NoTWAOSYDy44l9nub","3lS1y25WAhcqJDATJK70Mq"
"137","Maroon",0.658,0.378,-8.3,0.0379,0.0593,0,0.0976,0.0382,108.034,4,218270,TRUE,"G","major","G major","Midnights","2022-10-22","199E1RRrVmVTQqBXih5qRC","3lS1y25WAhcqJDATJK70Mq"
"138","Anti-Hero",0.638,0.634,-6.582,0.0457,0.133,1.23e-06,0.152,0.519,96.953,4,200690,FALSE,"E","major","E major","Midnights","2022-10-22","02Zkkf2zMkwRGQjZ7T4p8f","3lS1y25WAhcqJDATJK70Mq"
"139","Snow On The Beach (feat. Lana Del Rey)",0.659,0.323,-13.425,0.0436,0.735,0.00321,0.116,0.154,110.007,4,256124,TRUE,"A","major","A major","Midnights","2022-10-22","6ADDIJxxqzM9LMpm78yzQG","3lS1y25WAhcqJDATJK70Mq"
"140","You're On Your Own, Kid",0.694,0.38,-10.307,0.0614,0.416,8.47e-06,0.126,0.376,120.044,4,194206,FALSE,"D","major","D major","Midnights","2022-10-22","7gVWKBcfIW93YxNBi3ApIE","3lS1y25WAhcqJDATJK70Mq"
"141","Midnight Rain",0.636,0.377,-11.721,0.0708,0.71,6.51e-05,0.115,0.23,139.966,4,174782,FALSE,"C","major","C major","Midnights","2022-10-22","6Nl7KyvjkFncGsjB49SxLl","3lS1y25WAhcqJDATJK70Mq"
"142","Question...?",0.751,0.502,-8.777,0.162,0.226,0,0.297,0.112,108.989,4,210556,TRUE,"G","major","G major","Midnights","2022-10-22","6C7OF1Jal7YkyjzyUG8vkK","3lS1y25WAhcqJDATJK70Mq"
"143","Vigilante Shit",0.87,0.279,-11.134,0.364,0.16,1.74e-05,0.121,0.16,79.996,4,164801,TRUE,"E","minor","E minor","Midnights","2022-10-22","5yeuXkukVGuix3vmLu2BPJ","3lS1y25WAhcqJDATJK70Mq"
"144","Bejeweled",0.7,0.55,-9.13,0.0653,0.0661,0.000102,0.091,0.412,164.003,4,194165,FALSE,"G","major","G major","Midnights","2022-10-22","0jvo9CjnbR0lYUDTSNTMiu","3lS1y25WAhcqJDATJK70Mq"
"145","Labyrinth",0.487,0.313,-15.434,0.0487,0.791,0.348,0.124,0.141,110.039,4,247962,FALSE,"C","major","C major","Midnights","2022-10-22","43q586vP8gGkYypKoSddhl","3lS1y25WAhcqJDATJK70Mq"
"146","Karma",0.649,0.622,-7.054,0.0582,0.074,0,0.594,0.106,90.024,4,204852,TRUE,"G#","major","G# major","Midnights","2022-10-22","5oqDgw5VGBln5dSIOPWyBq","3lS1y25WAhcqJDATJK70Mq"
"147","Sweet Nothing",0.334,0.161,-14.875,0.0506,0.967,4.71e-05,0.115,0.396,176.747,4,188496,FALSE,"C","major","C major","Midnights","2022-10-22","3zmwONxswBAzGwExPugSLN","3lS1y25WAhcqJDATJK70Mq"
"148","Mastermind",0.661,0.352,-14.077,0.117,0.571,0.00147,0.0884,0.13,125.934,4,191039,FALSE,"E","major","E major","Midnights","2022-10-22","56hioFjQ0DXrdn04hZcFgG","3lS1y25WAhcqJDATJK70Mq"
"149","The Great War",0.573,0.741,-8.987,0.0353,0.219,2.23e-05,0.0842,0.554,96.016,4,240355,FALSE,"F","major","F major","Midnights","2022-10-22","3UMrglJeju5yWyYIW6o99b","3lS1y25WAhcqJDATJK70Mq"
"150","Bigger Than The Whole Sky",0.422,0.235,-12.379,0.0568,0.826,0.00648,0.115,0.068,165.71,4,218502,FALSE,"F#","major","F# major","Midnights","2022-10-22","0BiqmkasE5FdrChwKfVp8X","3lS1y25WAhcqJDATJK70Mq"
"151","Paris",0.7,0.509,-10.547,0.0789,0.112,3.27e-05,0.137,0.345,110.947,4,196258,FALSE,"G","major","G major","Midnights","2022-10-22","7712gjoih4QoDbXpljEk21","3lS1y25WAhcqJDATJK70Mq"
"152","High Infidelity",0.646,0.529,-10.179,0.0864,0.723,0,0.0885,0.755,87.862,4,231475,FALSE,"A#","major","A# major","Midnights","2022-10-22","5kiZGSxgqPdv6rbqL9THdd","3lS1y25WAhcqJDATJK70Mq"
"153","Glitch",0.675,0.466,-9.738,0.201,0.361,0,0.11,0.347,140.864,4,148781,FALSE,"B","minor","B minor","Midnights","2022-10-22","6wAFvJPpTZVirBKGZ4EnMW","3lS1y25WAhcqJDATJK70Mq"
"154","Would've, Could've, Should've",0.483,0.84,-6.508,0.119,0.43,0.000575,0.146,0.55,157.979,4,260361,FALSE,"G","major","G major","Midnights","2022-10-22","0aV5uARAknQgYhBaK944FP","3lS1y25WAhcqJDATJK70Mq"
"155","Dear Reader",0.562,0.388,-12.088,0.0705,0.481,0.00145,0.117,0.159,107.747,4,225194,FALSE,"C","major","C major","Midnights","2022-10-22","3QF5RsWzK1lCvf2o2cY65P","3lS1y25WAhcqJDATJK70Mq"
"156","Mine (Taylor's Version)",0.646,0.783,-2.846,0.0356,0.00444,1.38e-06,0.171,0.49,121.08,4,231706,FALSE,"G","major","G major","Speak Now (Taylor's Version)","2023-07-07","7G0gBu6nLdhFDPRLc0HdDG","5AEDGbliTTfjOB8TSm1sxt"
"157","Sparks Fly (Taylor’s Version)",0.588,0.758,-2.347,0.0305,0.0251,0,0.131,0.387,114.991,4,261230,FALSE,"F","major","F major","Speak Now (Taylor's Version)","2023-07-07","3MytWN8L7shNYzGl4tAKRp","5AEDGbliTTfjOB8TSm1sxt"
"158","Back To December (Taylor's Version)",0.497,0.635,-3.927,0.0273,0.00621,0,0.117,0.203,142.063,4,294189,FALSE,"D","major","D major","Speak Now (Taylor's Version)","2023-07-07","79uDOz0zuuWS7HWxzMmTa2","5AEDGbliTTfjOB8TSm1sxt"
"159","Speak Now (Taylor's Version)",0.727,0.677,-2.871,0.0325,0.248,0,0.143,0.639,118.995,4,242473,FALSE,"G","major","G major","Speak Now (Taylor's Version)","2023-07-07","5xXqyjLicvEpch72qEryFT","5AEDGbliTTfjOB8TSm1sxt"
"160","Dear John (Taylor's Version)",0.419,0.47,-5.016,0.0296,0.0236,0,0.163,0.133,119.294,3,405906,FALSE,"E","major","E major","Speak Now (Taylor's Version)","2023-07-07","1zU8j1x3yi9xalMF96pzKp","5AEDGbliTTfjOB8TSm1sxt"
"161","Mean (Taylor's Version)",0.524,0.692,-3.866,0.0369,0.311,0,0.192,0.621,163.874,4,238693,FALSE,"E","major","E major","Speak Now (Taylor's Version)","2023-07-07","30Y4CV7A6YqtQtTTo7Ue4j","5AEDGbliTTfjOB8TSm1sxt"
"162","The Story Of Us (Taylor's Version)",0.515,0.781,-2.608,0.0535,0.00192,0,0.054,0.57,139.846,4,267653,FALSE,"E","major","E major","Speak Now (Taylor's Version)","2023-07-07","6dTA6y0C2ReQklntzZl8l3","5AEDGbliTTfjOB8TSm1sxt"
"163","Never Grow Up (Taylor's Version)",0.685,0.323,-7.103,0.0289,0.851,0,0.198,0.569,125.058,4,292920,FALSE,"D","major","D major","Speak Now (Taylor's Version)","2023-07-07","2EFZ9emtKWEglWUQGEQ3P9","5AEDGbliTTfjOB8TSm1sxt"
"164","Enchanted (Taylor's Version)",0.505,0.532,-3.526,0.0265,0.012,0,0.149,0.216,81.907,4,353253,FALSE,"G#","major","G# major","Speak Now (Taylor's Version)","2023-07-07","3sW3oSbzsfecv9XoUdGs7h","5AEDGbliTTfjOB8TSm1sxt"
"165","Better Than Revenge (Taylor's Version)",0.496,0.885,-2.969,0.0803,0.000886,0,0.191,0.665,145.863,4,220306,FALSE,"B","minor","B minor","Speak Now (Taylor's Version)","2023-07-07","0NwGC0v03ysCYINtg6ns58","5AEDGbliTTfjOB8TSm1sxt"
"166","Innocent (Taylor's Version)",0.522,0.598,-5.327,0.0284,0.101,0,0.152,0.149,133.627,4,301221,FALSE,"C#","minor","C# minor","Speak Now (Taylor's Version)","2023-07-07","12nBPF4Rh4XLFJV0YLN7uj","5AEDGbliTTfjOB8TSm1sxt"
"167","Haunted (Taylor's Version)",0.427,0.915,-1.909,0.0619,0.00667,0,0.221,0.355,162.201,4,245413,FALSE,"F","major","F major","Speak Now (Taylor's Version)","2023-07-07","4tMzIAFTFdqGBQLdfbPces","5AEDGbliTTfjOB8TSm1sxt"
"168","Last Kiss (Taylor's Version)",0.55,0.366,-8.46,0.0276,0.447,4.43e-06,0.101,0.16,79.401,3,369120,FALSE,"A#","major","A# major","Speak Now (Taylor's Version)","2023-07-07","59KOoHFcw5XfICnO57holu","5AEDGbliTTfjOB8TSm1sxt"
"169","Long Live (Taylor's Version)",0.375,0.65,-4.031,0.0402,0.0122,0,0.189,0.0752,203.89,4,317960,FALSE,"C","major","C major","Speak Now (Taylor's Version)","2023-07-07","4hqJ4bSlYJOXb6Z4SRmzxs","5AEDGbliTTfjOB8TSm1sxt"
"170","Ours (Taylor’s Version)",0.535,0.488,-8.261,0.0278,0.449,0,0.111,0.348,159.813,4,235803,FALSE,"C","major","C major","Speak Now (Taylor's Version)","2023-07-07","3yNJkriPzWjkkDAWHIAVUq","5AEDGbliTTfjOB8TSm1sxt"
"171","Superman (Taylor’s Version)",0.533,0.742,-3.473,0.0303,0.0031,0,0.108,0.356,131.93,4,274945,FALSE,"G","major","G major","Speak Now (Taylor's Version)","2023-07-07","4evLyY5Ue1Wesc61t2KXAU","5AEDGbliTTfjOB8TSm1sxt"
"172","Electric Touch (feat. Fall Out Boy) (Taylor’s Version) (From The Vault)",0.547,0.855,-4.7,0.0597,0.0164,0,0.144,0.282,131.073,4,266466,FALSE,"G","major","G major","Speak Now (Taylor's Version)","2023-07-07","4e3ZNTAV6PCrdYMUrUlMpQ","5AEDGbliTTfjOB8TSm1sxt"
"173","When Emma Falls in Love (Taylor’s Version) (From The Vault)",0.474,0.763,-4.632,0.0505,0.159,0,0.138,0.231,78.133,4,252385,FALSE,"D","major","D major","Speak Now (Taylor's Version)","2023-07-07","0zo975x58DlXbZllWvfYhg","5AEDGbliTTfjOB8TSm1sxt"
"174","I Can See You (Taylor’s Version) (From The Vault)",0.694,0.764,-4.893,0.0337,0.0586,0,0.0608,0.819,123.044,4,273186,FALSE,"F#","major","F# major","Speak Now (Taylor's Version)","2023-07-07","5kHMfzgLZP95O9NBy0ku4v","5AEDGbliTTfjOB8TSm1sxt"
"175","Castles Crumbling (feat. Hayley Williams) (Taylor’s Version) (From The Vault)",0.576,0.57,-7.925,0.0434,0.362,0,0.0668,0.378,147.803,4,306062,FALSE,"G","major","G major","Speak Now (Taylor's Version)","2023-07-07","4ABYxlb92WBIjHu7TIKmml","5AEDGbliTTfjOB8TSm1sxt"
"176","Foolish One (Taylor’s Version) (From The Vault)",0.671,0.588,-4.675,0.0299,0.617,0,0.111,0.543,96.965,4,311765,FALSE,"G","major","G major","Speak Now (Taylor's Version)","2023-07-07","4s8BIKx4Zh6ryAEz8RTlaU","5AEDGbliTTfjOB8TSm1sxt"
"177","Timeless (Taylor’s Version) (From The Vault)",0.624,0.585,-5.847,0.0328,0.3,0,0.0916,0.65,142.883,4,321396,FALSE,"D#","major","D# major","Speak Now (Taylor's Version)","2023-07-07","1HCdems7PQZRj42QDWLA0A","5AEDGbliTTfjOB8TSm1sxt"
"178","Welcome To New York (Taylor's Version)",0.757,0.61,-4.84,0.0327,0.00942,3.66e-05,0.367,0.685,116.998,4,212600,FALSE,"G","major","G major","1989 (Taylor's Version)","2023-10-27","4WUepByoeqcedHoYhSNHRt","1o59UpKw81iHR0HPiSkJR0"
"179","Blank Space (Taylor's Version)",0.733,0.733,-5.376,0.067,0.0885,0,0.168,0.701,96.057,4,231833,FALSE,"C","major","C major","1989 (Taylor's Version)","2023-10-27","0108kcWLnn2HlH2kedi1gn","1o59UpKw81iHR0HPiSkJR0"
"180","Style (Taylor's Version)",0.511,0.822,-4.785,0.0397,0.000421,0.0197,0.0899,0.305,94.868,4,231000,FALSE,"B","minor","B minor","1989 (Taylor's Version)","2023-10-27","3Vpk1hfMAQme8VJ0SNRSkd","1o59UpKw81iHR0HPiSkJR0"
"181","Out Of The Woods (Taylor's Version)",0.545,0.885,-5.968,0.0447,0.000537,5.59e-05,0.385,0.206,92.021,4,235800,FALSE,"C","major","C major","1989 (Taylor's Version)","2023-10-27","1OcSfkeCg9hRC2sFKB4IMJ","1o59UpKw81iHR0HPiSkJR0"
"182","All You Had To Do Was Stay (Taylor's Version)",0.588,0.721,-5.579,0.0317,0.000656,0,0.131,0.52,96.997,4,193289,FALSE,"C","major","C major","1989 (Taylor's Version)","2023-10-27","2k0ZEeAqzvYMcx9Qt5aClQ","1o59UpKw81iHR0HPiSkJR0"
"183","Shake It Off (Taylor's Version)",0.636,0.808,-5.693,0.0729,0.0121,2.18e-05,0.359,0.917,160.058,4,219209,FALSE,"G","major","G major","1989 (Taylor's Version)","2023-10-27","50yNTF0Od55qnHLxYsA5Pw","1o59UpKw81iHR0HPiSkJR0"
"184","I Wish You Would (Taylor's Version)",0.67,0.858,-6.528,0.0439,0.00354,1.25e-05,0.0687,0.539,118.009,4,207650,FALSE,"C","major","C major","1989 (Taylor's Version)","2023-10-27","3FxJDucHWdw6caWTKO5b23","1o59UpKw81iHR0HPiSkJR0"
"185","Bad Blood (Taylor's Version)",0.618,0.683,-6.438,0.194,0.0362,0,0.305,0.363,169.971,4,211103,FALSE,"G","major","G major","1989 (Taylor's Version)","2023-10-27","7oZONwFiFIErZcXAtTu7FY","1o59UpKw81iHR0HPiSkJR0"
"186","Wildest Dreams (Taylor's Version)",0.589,0.674,-7.48,0.0656,0.0436,7.18e-05,0.112,0.514,139.985,4,220433,FALSE,"G#","major","G# major","1989 (Taylor's Version)","2023-10-27","27exgla7YBw9DUNNcTIpjy","1o59UpKw81iHR0HPiSkJR0"
"187","How You Get The Girl (Taylor's Version)",0.758,0.691,-5.798,0.0515,0.00196,1.09e-05,0.0939,0.538,119.997,4,247533,FALSE,"F","major","F major","1989 (Taylor's Version)","2023-10-27","733OhaXQIHY7BKtY3vnSkn","1o59UpKw81iHR0HPiSkJR0"
"188","This Love (Taylor’s Version)",0.471,0.509,-8.796,0.0355,0.316,0,0.0673,0.0567,144.071,4,250100,FALSE,"C#","minor","C# minor","1989 (Taylor's Version)","2023-10-27","4WBEj8TeGtRPNJdOmT3WJW","1o59UpKw81iHR0HPiSkJR0"
"189","I Know Places (Taylor's Version)",0.582,0.788,-5.358,0.0445,0.0999,0,0.115,0.652,160.027,4,195700,FALSE,"C","major","C major","1989 (Taylor's Version)","2023-10-27","1ULabO0PEsdJekqVH6G10G","1o59UpKw81iHR0HPiSkJR0"
"190","Clean (Taylor's Version)",0.772,0.391,-8.892,0.0293,0.25,2.92e-05,0.0981,0.258,103.955,4,271000,FALSE,"E","major","E major","1989 (Taylor's Version)","2023-10-27","0lKUBmEyQfzsQHozyeXzES","1o59UpKw81iHR0HPiSkJR0"
"191","Wonderland (Taylor's Version)",0.464,0.705,-5.97,0.0434,0.00976,2.61e-05,0.209,0.385,183.892,4,245566,FALSE,"D#","major","D# major","1989 (Taylor's Version)","2023-10-27","6HRsJu8vcnzYDN4t0570FY","1o59UpKw81iHR0HPiSkJR0"
"192","You Are In Love (Taylor's Version)",0.363,0.498,-9.473,0.0755,0.61,3.91e-06,0.112,0.477,84.68,4,267389,FALSE,"A","major","A major","1989 (Taylor's Version)","2023-10-27","0TyGh27YQ5LknmiDhCzJiT","1o59UpKw81iHR0HPiSkJR0"
"193","New Romantics (Taylor's Version)",0.649,0.846,-5.958,0.0602,0.00675,4.63e-06,0.0824,0.698,121.978,4,230177,FALSE,"F","major","F major","1989 (Taylor's Version)","2023-10-27","5M787RexsAiVYjQusM98CV","1o59UpKw81iHR0HPiSkJR0"
"194","""Slut!"" (Taylor's Version) (From The Vault)",0.591,0.412,-13.27,0.0863,0.309,0.000199,0.0608,0.328,155.875,4,180381,FALSE,"D","major","D major","1989 (Taylor's Version)","2023-10-27","0CD7DzeCsuPJygddqlUVYa","1o59UpKw81iHR0HPiSkJR0"
"195","Say Don't Go (Taylor's Version) (From The Vault)",0.633,0.551,-8.297,0.0341,0.066,9.94e-06,0.127,0.164,109.95,4,279833,FALSE,"E","major","E major","1989 (Taylor's Version)","2023-10-27","3CCRVu4F91Qp2mnGjmWBrf","1o59UpKw81iHR0HPiSkJR0"
"196","Now That We Don't Talk (Taylor's Version) (From The Vault)",0.8,0.501,-9.332,0.034,0.16,7.14e-05,0.0874,0.0831,110.013,4,146436,FALSE,"C","major","C major","1989 (Taylor's Version)","2023-10-27","5QUIK7ZtziW8kGWo8RqopF","1o59UpKw81iHR0HPiSkJR0"
"197","Suburban Legends (Taylor's Version) (From The Vault)",0.701,0.625,-8.804,0.036,0.207,0,0.105,0.323,118.036,4,171818,FALSE,"C","major","C major","1989 (Taylor's Version)","2023-10-27","6M9ppdfFjR1AbpUl3Y8DcV","1o59UpKw81iHR0HPiSkJR0"
"198","Is It Over Now? (Taylor's Version) (From The Vault)",0.595,0.656,-7.343,0.037,0.041,0,0.122,0.191,99.994,4,229477,FALSE,"C","major","C major","1989 (Taylor's Version)","2023-10-27","6IG3sQ8s9nfk6TUlVzRhbN","1o59UpKw81iHR0HPiSkJR0"
"199","Bad Blood (feat. Kendrick Lamar) (Taylor's Version)",0.602,0.648,-6.905,0.103,0.0104,0,0.217,0.174,170.091,4,199773,FALSE,"D","major","D major","1989 (Taylor's Version)","2023-10-27","6qAcApH8obo8eqatCKUHd9","1o59UpKw81iHR0HPiSkJR0"
